,품목,가격,세일가격
0,Isntree Hyaluronic Acid Toner 200ml (Renewal),19.30,17.37
1,SOME BY MI AHA BHA PHA 30 Days Miracle Toner 150ml,24.00,14.99
2,SOME BY MI Galactomyces Pure Vitamin C Glow Toner 200ml,34.00,23.80
3,ROUND LAB 1025 Dokdo Toner 200ml,17.00,15.30
4,SOME BY MI Snail Truecica Miracle Repair Toner 135ml,24.00,17.40
5,COSRX AHA 7 WHITEHEAD POWER LIQUID 100ml,17.81,16.03
6,secretKey Fresh Toner 248ml,16.00,14.40
7,BLITHE Vital Treatment 8 Nourishing Beans 150ml,42.90,38.61
8,COSRX Two In One Poreless Power Liquid 100ml,22.00,19.80
9,Elizavecca Hell-Pore Clean up AHA Fruit Toner 200ml,14.00,12.60
10,COSRX BHA BLACKHEAD POWER LIQUID 100 ML,20.81,13.99
11,iUNIK Vitamin Hyaluronic Acid Vitalizing Toner 200ml,21.99,19.79
12,COSRX AC Collection Calming Liquid Mild 125ml,26.00,23.40
13,NACIFIC Real Calendula Floral Toner 180ml,26.00,23.40
14,BLITHE Vital Treatment 5 Energy Roots 150ml,37.60,33.84
15,★EXCLUSIVE★ WellDerma Hydro Toner Special Set(+cotton sheet 165ea),54.00,18.79
16,★EXCLUSIVE★ KAINE Kombu Balancing Ampoule Toner 150ml(+Green Fit Pro Sun 55ml),54.60,16.99
17,Beauty of Joseon Ginseng Essence Water 150ml,24.55,14.39
18,Haruharu WONDER Black Rice Hyaluronic Toner 150ml (Fragrance Free),22.00,10.99
19,COSRX Full Fit Propolis Synergy Toner 150ml,28.00,9.39
20,Nature Republic Ginseng Gold Silk Toner 130ml,38.00,22.49
21,MISSHA Geumsul Jin Toner 150ml,30.00,27.00
22,Mary&May Vegan CICA Tea Tree Toner Special Set 200ml+30ml+Eye cream 12g,26.00,23.40
23,VT Cica Mild Toner Pad Spring Edition 60ea,15.00,13.50
24,WELLDERMA RETINOL PEPTIDE LIFTING RESTORE ESSENCE TONER 150ml,48.60,34.02
25,JUICE TO CLEANSE Vinegar Kombucha Vegan Calming 50 Pads,43.00,38.70
26,"Toun28 Propolis + Vitamin C, B3, B5, B6 Balancing Toner",22.00,19.80
27,Toun28 pH Balancing Toner 250ml,29.00,26.10
28,JAUNKYEOL HERITAGE COCENTRATE CALMING TONER 250ml,39.00,35.10
29,Dr.G GREENMIDE VEGAN TONER PAD 60p,32.70,29.43
30,NACIFIC Uyu Cream Toner 150ml,25.00,22.50
31,numbuzin No.1 Pure-Full Calming Herb Toner 100ml,13.00,9.75
32,numbuzin No.3 Super Glowing Essence Toner 100ml,13.00,9.75
33,The History of Whoo Gongjinhyang Soo Vital Hydrating Balancer 150ml,56.00,50.40
34,Dr.G HYDRA AQUA BOOSTING TONER 200ml,31.80,28.62
35,Dr.G Dermoisture Barrier.D Liquid Toner 200ml,30.80,27.72
36,Dr.G R.E.D BLEMISH FOR MENMULTI SOOTHING TONER 200ml,30.80,27.72
37,Dr.G R.E.D BLEMISH® CLEAR MOISTURE TONER 300ml,31.80,28.62
38,Dr.G A'CLEAR BALANCING TONER 200ml,26.80,24.12
39,Dr.oracle Greentea Refreshing Toner 1000ml,227.90,205.11
40,Dr.oracle Collagen Cleansing Milk 1000ml,227.90,205.11
41,Dr.oracle ReAGEN Callus Repairing Toner 120ml,51.60,46.44
42,Dr.oracle Centella Biome Toner 200ml,27.80,25.02
43,Dr.oracle Centella Biome Pore pad 135ml,31.80,28.62
44,Dr.oracle 21,28.80,25.92
45,SOLLALLA Multi Vitamin Refresh Toner 130mL,28.00,25.20
46,Dr.oracle Antibac Derma Rening Toner 130ml,32.00,28.80
47,COSRX Low pH Niacinamide Micellar Cleansing Water 400ml,23.50,21.15
48,SKIN1004 Madagascar Centella Hyalu-Cica Brightening Toner 30ml,6.00,4.80
49,Isntree Ultra-Low Molecular Hyaluronic Acid Toner 300ml,23.30,20.97
50,AMPLE,60.00,54.00
51,AMPLE,60.00,54.00
52,AMPLE,29.00,26.10
53,AMPLE,30.00,27.00
54,ATHE Vitalc-Some™ Toning Capsule Toner 130ml,36.00,32.40
55,MIGUHARA Vegan Daily Glow Toner 100ml,28.00,25.20
56,numbuzin No.3 Radiance Glowing Jumbo Essence Pad 150ml/ 70Pads,26.00,19.50
57,K-SECRET Hyaluronic Acid Secret Toner 150ml,22.00,19.80
58,Mary&May Vegan CICA Tea Tree AHA PHA Blemish Toner 200ml,27.00,24.30
59,SKINFOOD Acorn Pore Peptide Pad 60ea,28.00,25.20
60,SKINFOOD Yuja C Dark Spot Clear Toner 200ml,39.00,35.10
61,MISSHA Bee Pollen Renew Mist Ampoule 100ml,28.00,25.20
62,SOME BY MI BETA PANTHENOL REPAIR TONER 150ml,22.50,15.75
63,SOME BY MI BETA PANTHENOL REPAIR SERUM 30ml,28.10,19.67
64,THANK YOU FARMER Phyto Relieful™ Cica Toner Pad 200ml (100pads),33.00,29.70
65,numbuzin No.1 Centella Re-Leaf Green Toner Pad 190ml (70pad),25.00,18.75
66,O HUI Age Recovery 2pcs Set,125.00,112.50
67,The history of Whoo Bichup Self-Generating Anti-Aging Concentrate Special Set,200.00,180.00
68,MIGUHARA Hyalucollagen Essence Mist Origin 80ml,16.00,14.40
69,MIGUHARA Green Tea Calming Essence Toner Origin 200ml,38.00,34.20
70,MIGUHARA Ultra Whitening Perfection Skin Origin 400ml,35.00,31.50
71,numbuzin No.1 Pure-Full Calming Herb Toner 300ml,23.00,17.25
72,Torriden Balanceful Cica Toner Pad 180ml (60ea),26.00,23.40
73,Sulwhasoo Firming Care Essential Ritual Set,160.00,144.00
74,PURITO Oat-in Silky Toner 200ml,25.00,22.50
75,Papa Recipe Eggplant Clearing Peeling Pad Toner 70pads (22AD),28.00,25.20
76,AXIS-Y Biome Comforting Infused Toner 200ml,27.00,24.30
77,Isntree YAM ROOT VEGAN MILK TONER 200ml,24.10,21.69
78,BENTON Aloe BHA Skin Toner 200ml (22AD),19.00,12.99
79,Sulwhasoo First Care Activating Essential Ritual Set,250.00,225.00
