,title,link,b_name
0,<b>하늘</b>누에 천잠원 가격 효능 만족 후기!,https://blog.naver.com/narae2010/223153881605,엄마가 행복하면 아이도 행복하다
1,포천글램핑 <b>하늘</b>향기 감성카라반,https://blog.naver.com/she8792/223156094133,프리미엄
2,"23.07.26-27(걷기, 고양이들, 맑은 <b>하늘</b>)",https://blog.naver.com/chy9077/223167460458,돈주고 개고생 Life~☆
3,인천 미분양 아파트 영종<b>하늘</b>도시 호반써밋 스카이센트럴2차... ,https://blog.naver.com/surf13/223159391144,히어로 부동산 소식
4,"[블로그 기자] 푸른 <b>하늘</b>과 수국꽃, 바다가 보여주는 풍경을... ",https://blog.naver.com/ulsan-namgu/223168488099,울산광역시 남구
5,경주 독채 가족펜션 <b>하늘</b>내음 키즈풀빌라,https://blog.naver.com/missyou106/223142147535,lovely nyang
6,대전 판암동 한옥뷰카페 [<b>하늘</b>만큼],https://blog.naver.com/52pouch/223163442679,그녀의 TTeT
7,<b>하늘</b>이 신라같았던 경주 1박2일,https://blog.naver.com/as6578/223170850644,수토리
8,상주 글램핑/<b>하늘</b>소리캠프,https://blog.naver.com/nma7188/223168950510,노구리의 블~러그
9,용인 호암미술관 &lt; 한 점 <b>하늘</b>_ 김환기 회고전 &gt;,https://blog.naver.com/party_tasty/223168409685,놀고 먹는 블로그
10,[강원/평창] 대관령 <b>하늘</b>목장,https://blog.naver.com/gurl1314/223168421854,FLY AWAY
11,영종도 <b>하늘</b>도시 맛집 ㅣ 명륜진사갈비 리뉴얼 매장 뉴버전,https://blog.naver.com/jinmichu/223169987648,진미츄 일상 기록
12,"포근한 <b>하늘</b>, 7월",https://blog.naver.com/kwonirene/223169844861,미완성 티백
13,상암 <b>하늘</b>공원 메타세콰이어길/맥문동/꽃무릇 /시인의길,https://blog.naver.com/msy5088/223164750587,이 또한 지나가리라
14,"최원태 품은 LG, 그래도 우승은 <b>하늘</b>이 내린다",https://blog.naver.com/hardstuff/223171527262,漢文에 감춰진 野球의 言語
15,&lt;2023년도 <b>하늘</b>꿈 영어통일캠프(EUC) 스케치&gt;,https://blog.naver.com/nazirite33/223163173566,원정하 목사 이야기
16,시집 스테디셀러 * 윤동주 전 시집 「<b>하늘</b>과 바람과 별과 시」,https://blog.naver.com/pretty9121/223164791543,문장이 흐르는 시읽는리니의 서가
17,"경산 <b>하늘</b>호수, 한방 에센스 만들기 체험",https://blog.naver.com/dondogi2/223163463431,내 꿈은 기타여신
18,[성주여행] 성주<b>하늘</b>목장_팜0311,https://blog.naver.com/jinjinlovely/223167299047,여행하는 퍼실리테이터
19,[도서리뷰] 오십에 읽는 오륜서 _ 땅 물 불 바람 <b>하늘</b>,https://blog.naver.com/sk258789/223170741551,사랑하는 동주랑 건강한 삶
20,<b>하늘</b>에게 기도를 해보다.,https://blog.naver.com/tlddk1212/223164669572,실버의 도전
21,"<b>하늘</b>을 나는 드론, 바다에서도 날 수 있다? - 수중드론 소개",https://blog.naver.com/koreamof/223166655387,해양수산부 공식 블로그
22,성남시장례식장 기독교 장례 성남영생원 <b>하늘</b>누리 제2추모원... ,https://blog.naver.com/simnewface/223166569764,sn상조 장례지도사와 함께
23,"호암미술관, &lt;한 점 <b>하늘</b>, 김환기&gt;",https://blog.naver.com/soondufu/223166179529,시골일기
24,7/26일. <b>하늘</b>구름이 내게 하는 말,https://blog.naver.com/gennixingfu/223167330071,모든일상
25,<b>하늘</b>도시 맛집 영종도 삼겹살 고기집 돼지만 직영점 구읍뱃터,https://blog.naver.com/haluday/223171070695,오늘 하루도 감성하루
26,영종도 <b>하늘</b>도시한우 ㅣ 재교네한우 정육식당,https://blog.naver.com/jinmichu/223161177229,진미츄 일상 기록
27,한 점 <b>하늘</b> 김환기 전시 보고 장 미쉘 오토니엘이 있는 희원에서... ,https://blog.naver.com/berryeunice/223171445527,sentimental reason
28,"별이가 <b>하늘</b>에 별이 되었습니다, 반려견과의 이별",https://blog.naver.com/rkdtks34/223171591751,티미의 달빛마을
29,"오늘의 체크인, <b>하늘</b>이 예뻐서 만석공원 한바퀴",https://blog.naver.com/kiddy47/223159990042,아름다운 지구별 여행중 ♬
30,젤다 왕눈 남하이랄 <b>하늘</b> 제도 블록골렘,https://blog.naver.com/talesoff/223162777401,Balance
31,포켓몬 고 <b>하늘</b>을 나는 피카츄 제주 칠성로 포켓몬 스토어에 가다,https://blog.naver.com/han8_8/223168718642,버드나무 숲
32,더그릴육선 영종도 맛집 <b>하늘</b>도시 고기집,https://blog.naver.com/manna_girl/223165165283,매나걸의 매나라이프
33,"2023 행복대덕 인문학 특강, 김상욱 교수 &apos;<b>하늘</b>과 바람과 별과... ",https://blog.naver.com/daedeokgu/223167735664,내 일상이 즐거운 대덕 이야기
34,전시) 호암미술관 김환기전 한 점 <b>하늘</b>,https://blog.naver.com/heeyaqkqh/223166963961,"그림그리고, 글쓰는걸좋아하는 글좀쓰는미술가"
35,울산병원장례식장 울산<b>하늘</b>공원 자연장지 잔디장 진행 후기,https://blog.naver.com/simnewface/223168264047,sn상조 장례지도사와 함께
36,"[선자령의 여름, 피서 산들꽃길]숲, 계곡, 바람, <b>하늘</b> 그리고... ",https://blog.naver.com/songpajang6258/223169742178,A story told by nature
37,화순3경 백아산 <b>하늘</b>다리,https://blog.naver.com/mach200/223171128571,마하반야
38,7/28. <b>하늘</b>구름이 내게 하는 말,https://blog.naver.com/gennixingfu/223168268577,모든일상
39,&lt;<b>하늘</b>의 인연 &gt; 청순 신인 여배우 전혜연 집중탐구,https://blog.naver.com/ety1617/223165259794,UHMAZING MAGAZINE
40,서울 가볼만한 곳) 상암동 <b>하늘</b>공원의 여름,https://blog.naver.com/dssa1020/223171211983,그래도 삶은 계속된다
41,"비둘기낭폭포 , 포천 한탄강 <b>하늘</b>다리,아이들과가볼만한곳",https://blog.naver.com/dudtns1112/223167611771,지금 이 순간이 행복하다
42,튤립 사운드북 <b>하늘</b>이 보라 노랑 / 백일 아기 장난감 선물... ,https://blog.naver.com/zimining/223169073705,스튜디오지미니
43,여름 <b>하늘</b> 구름 노을 매일이 선물 같은 날,https://blog.naver.com/th3klove/223171296534,떠나고 느끼고 즐기고
44,난리다 난리~~~<b>하늘</b>의 일방적인 공격이다,https://blog.naver.com/ej930905/223156791408,도솔산방의 매일밥상
45,창원 도계동 대형 장난감가게 <b>하늘</b>완구,https://blog.naver.com/congsoon22/223164412535,소소한 일상♡후기 꿀정보
46,Lifelog.blog / 서쪽<b>하늘</b>의  변화무쌍한 저녁노을 모습... ,https://blog.naver.com/idorimh/223166952493,행복이 가득한 소희농원
47,박노해 시인 너의 <b>하늘</b>을 보아 시집 좋은 시 추천 &amp; 힘들때... ,https://blog.naver.com/daeyou99/223167249060,자기의 이유로 살아라
48,"신천지 7월 소식 <b>하늘</b>샘물, 계시록실상 말씀대성회",https://blog.naver.com/goodseed811/223163975535,빛과 소금.... 너희는 세상의 빛과 소금이라
49,<b>하늘</b> 나는 피카츄 프로젝트 in 제주,https://blog.naver.com/imdhyun/223170143758,Into The History ; Pride치킨&apos;s Talk About
50,수면다이어트 추천 GRN<b>하늘</b>이 내돈내산 후기,https://blog.naver.com/wjddk0124/223165017699,동아의 맛있는 하루
51,<b>하늘</b>공원 메타세콰이어길 모감주나무길,https://blog.naver.com/blue0112/223161368590,It&apos;s my nature
52,"영종<b>하늘</b>도서관에서 2주간의 여행특강, &apos;나를 브랜딩하는... ",https://blog.naver.com/bpkarijju/223164611222,여행자를 인도하는 북극성처럼!
53,"먹고사는 일과 <b>하늘</b> 구경, 호두 방학 첫날, 치폴레&amp;시저... ",https://blog.naver.com/glitter797/223166297310,기쁨에 공감하는 사랑
54,"<b>하늘</b>사다리, 신장시장 백종원의골목식당 모녀김밥 하남김밥맛집",https://blog.naver.com/eum411/223166875532,세딸을 위한 블로그♡
55,파란 <b>하늘</b>에 여우비,https://blog.naver.com/shyhyub/223166056242,travel & cook & enjoy
56,엄마의 <b>하늘</b>정원,https://blog.naver.com/deco_in/223163905738,MOTANG
57,비가 그치고 맑은 <b>하늘</b>이 펼쳐진 구례 화엄사,https://blog.naver.com/sswlim/223161329984,구례를 읽어주는 남자
58,거제 한달살기 가조도 오션뷰카페 커피<b>하늘</b>,https://blog.naver.com/8ydragon8/223167604491,루네로의 북마크
59,[ 화요일 기록 ] 맑은 <b>하늘</b> 후 언제나 소나기,https://blog.naver.com/gldiflll/223169287604,聯獻:연희
60,"서울 가볼만한곳, <b>하늘</b>공원의 여름 우중산책",https://blog.naver.com/blue0112/223170010387,It&apos;s my nature
61,<b>하늘</b> 공원으로 탈출,https://blog.naver.com/ssong5046/223166002934,JANES GARDEN
62,아마도 올여름 최고의 <b>하늘</b>,https://blog.naver.com/zingzaby/223167106813,여행일기
63,무더운 밤에 <b>하늘</b> 구름보며 만보 걷기,https://blog.naver.com/llskskll/223167323332,푸른하늘
64,한 여름 <b>하늘</b> 밭에 몽실몽실 핀 뭉게 구름,https://blog.naver.com/choibeomseo/223167378821,꿈과 글이 있는 꽃길
65,[부산화실 원데이클래스] <b>하늘</b>미술공방 분위기와 색감이 예쁜... ,https://blog.naver.com/shop2la2/223171509932,하늘 미술 공방/하늘색팔래트
66,호암미술관 김환기 전시 한점<b>하늘</b> 김환기 회고전 (a... ,https://blog.naver.com/no1cye/223169535958,You&apos;re Living All Over Me.
67,화순시네마 &amp; 화순맛집 파란 <b>하늘</b>을 보자,https://blog.naver.com/1225good/223167567198,❤광주전남맛집❤gogo
68,<b>하늘</b>이 파랗다,https://blog.naver.com/ghkdud1420/223167095621,키톡이 그린 저녁여행
69,<b>하늘</b>공원,https://blog.naver.com/cws4u/223164856642,윤서아빠의 블로그
70,아름다운 <b>하늘</b> 아래에서 우리는 함께 걷는다,https://blog.naver.com/yjway9/223167736325,kellyview
71,"파리의 <b>하늘</b> 아래, 아들과 함께 3000일 ( 사춘기 아들, 환갑... ",https://blog.naver.com/arsoap/223169475699,평범은 기록을 만나 특별해 진다.
72,[윤동주시 친필원고 보며 필사하기] <b>하늘</b>과 바람과 별과 시,https://blog.naver.com/viridian114/223168108320,라온제나의 엄마표 독서논술
73,자꾸 <b>하늘</b>을 본다,https://blog.naver.com/dayplus0321/223168158706,알아 간다는건......
74,[경기 광주] <b>하늘</b>땅 별땅,https://blog.naver.com/princejhc/223164370010,Hyochan&apos;s blog
75,클럽72 <b>하늘</b>코스 조식뷔페와 라운딩 후기,https://blog.naver.com/backmi76/223162452671,제이타워지식산업센터 제이부동산 032-818-9333
76,달달하고 쫀득해서 달쫀인가  달쫀 떡볶이 (영종 <b>하늘</b>도시점),https://blog.naver.com/1223saysay/223169950189,앤과길버트
77,반려묘 <b>하늘</b>이의 마지막사진이 됐네요.,https://blog.naver.com/hyun06160430/223161962533,논산와송농장
78,포켓몬스터 포켓몬고 제주 <b>하늘</b> 나는 피카츄 콜라보 이벤트 결정,https://blog.naver.com/ptj0969/223167286792,에레키맨의 무겐 블로그
79,비온뒤 <b>하늘</b>,https://blog.naver.com/227story/223161184162,희망
80,날아라 새들아~~푸른 <b>하늘</b>을~~,https://blog.naver.com/jmy9026/223169328129,세요공방의 꾸메농원
81,일상. 주방. 맑은<b>하늘</b>. 이마트트레이더스,https://blog.naver.com/loveyolwoo/223166146143,육아이야기
82,<b>하늘</b>나라는 나에게로 가는 길에,https://blog.naver.com/eastsain/223170663840,깊은산의 길 위에 보이는 하늘
83,오랜만에 <b>하늘</b>을 보았어요,https://blog.naver.com/ykbedding/223166909300,영광침장 편안한 잠자리를 위하여
84,숨막히는 날씨에도 <b>하늘</b>은 예쁘기만 하고...,https://blog.naver.com/electricjin/223170012214,칸의 남기고 싶은 이야기
85,강남가족사진 전문 <b>하늘</b>정원스튜디오에서 머리부터 발끝까지... ,https://blog.naver.com/babyhanle/223167344118,하늘정원스튜디오
86,"날아라 쏘쏘~ [제주렌탈하우스 서쪽<b>하늘</b>_독채펜션, 휴식펜션... ",https://blog.naver.com/yokimo2/223170219757,Jeju Rental house & Cafe 서쪽하늘
87,[파란 <b>하늘</b>과 하루 만 보 걷기],https://blog.naver.com/floor15th/223161896687,십오층이 꿈꾸는 작은 숲 이야기
88,"<b>하늘</b>, 구름 사진 모음 / 23년 7월 24일 - 30일",https://blog.naver.com/hiwool/223170181586,소소하지만 특별한 것들
89,장마철 <b>하늘</b>과 구름,https://blog.naver.com/jmlee196/223166484230,스테파노의 山과 默想
90,비행기에서 바라본 <b>하늘</b>,https://blog.naver.com/ksg2456/223159414924,베리굿 라이프
91,<b>하늘</b>에서 본 연꽃 산책길 _ 경주시 SNS 알리미 박준영,https://blog.naver.com/gyeongju_e/223164598303,경주애♥ - 경주시 공식블로그
92,오늘 <b>하늘</b> 맑음_ 심곡천 <b>하늘</b>,https://blog.naver.com/djkkll1233/223166060115,비바라기의 콩이타로와 함께하는 여행
93,힘이 들 땐 <b>하늘</b>을 봐! :),https://blog.naver.com/rami_c/223168292888,༚✧˳⁺⁎ 라미의 기록장 ༚✧˳⁺⁎
94,여름날씨 무더위 속의 뭉게구름 가득한 여름<b>하늘</b>과 여름일기,https://blog.naver.com/kjinni66/223164071102,블루베리 진농원의 친환경 무농약 농산물
95,바빠도 <b>하늘</b>은 보자고+,https://blog.naver.com/misuneu/223168187975,미도리파티
96,"[책, 시집] <b>하늘</b>과 바람과 별과 시",https://blog.naver.com/hanpwoo210/223163116388,가질 수 없는 그리움 하나
97,[JJma] <b>하늘</b>과 바람과 별과 시,https://blog.naver.com/mizzhin/223159359971,JJ네 바른생활
98,선과 의를 위하여 욕과 저주를 받는 것은 <b>하늘</b>의 축복에 적금든... ,https://blog.naver.com/agahyaa1004/223163679408,agahyaa1004님의 블로그
99,달이 뜬 <b>하늘</b>,https://blog.yes24.com/blog/blogMain.aspx?blogid=bbongguy&artSeqNo=18332803,bbongguy님의 블로그
100,<b>하늘</b>을 보다,https://blog.naver.com/hanmaumco/223160184979,한마음별
101,저녁 산책길 아름다운 <b>하늘</b> <b>하늘</b>,https://blog.naver.com/kkng3188/223171498277,나는 행복한사람
102,서소문 순교성지                콘솔레이션홀.<b>하늘</b>광장,https://blog.naver.com/delphina51/223162017961,delphina51님의 블로그
103,예쁜 <b>하늘</b> 일러스트(파주 취미미술 원씨공방),https://blog.naver.com/julie310/223169917802,원씨공방 캘리그라피
104,영종도 백운산 - 01) 운북동에서 <b>하늘</b>고등학교로 가는 길,https://blog.naver.com/ckn7138/223168079669,ckn7138님의 블로그
105,"<b>하늘</b>도시 연포탕의 진수, &apos;연포왕오쭈낙&apos;",https://blog.naver.com/ttae_story/223160544463,매듭달 스무나흘
106,영종도 <b>하늘</b>도시 맛집 푸짐한 한정식 봄이보리밥 영종점,https://blog.naver.com/mindes0418/223165312702,My Story
107,"파란 <b>하늘</b>은 오늘 최고의 사치, 장마끝 이게 얼마만인지???",https://blog.naver.com/jongsulim/223159871871,♣바람처럼 머물지 않는 여행 ♣
108,(대구 장기동 <b>하늘</b>정원유치원) 2023학년도 여름 방학식,https://blog.naver.com/skyparks9/223162745604,하늘정원유치원
109,간만에 반짝 <b>하늘</b>이 갰어요,https://blog.naver.com/happytourshare/223159001643,행복한여행나눔
110,내돈내산 상견례 선물 도라지정과 / <b>하늘</b>도라지,https://blog.naver.com/emily613/223162857627,정아의 어른일기
111,"기적의 형제 8회 줄거리 리뷰, <b>하늘</b>을 기억해 낸 강산",https://blog.naver.com/zephyros0/223162583606,"꿀잼보장 리뷰, 삵쾡이언니의 감상실"
112,흐린 <b>하늘</b>에 웃다,https://blog.naver.com/vasura135/223163953473,마호가니 서재에서 헤드폰을 끼다
113,장마철 일상 잠깐 핑크빛 오렌지 서울 <b>하늘</b>..,https://blog.naver.com/mmno/223159551714,♡ 미니레인 그런 하루
114,강원도 강릉 가는길 파란 <b>하늘</b> 여행,https://blog.naver.com/tmsnvl17/223170331693,챔챔 여행가다
115,비온 뒤 <b>하늘</b> 그리고 마빡조심 경주 토함산 밀면,https://blog.naver.com/bachkr/223163361019,세상은 흐뭇함 없이 살기에는 너무 건조하다!
116,긴 장마로 오랜만에 보는 햇볕과 청명한 <b>하늘</b>이 아름답습니다.,https://blog.naver.com/muduchi1/223161900061,천사놀이터농원
117,나는 <b>하늘</b>의 경륜과  통치에 불순종하지 않았다.,https://blog.naver.com/ksch3305/223166332448,&apos;바깥&apos;에서
118,"[잠실] 야구 끝나고 열불난 속을 다스리러,, <b>하늘</b>닭발",https://blog.naver.com/wooes2/223161476314,지니의 끄적끄적
119,7/20일. <b>하늘</b>구름이 내게 하는 말,https://blog.naver.com/gennixingfu/223162088907,모든일상
120,[Audio] 허니애플 / 여름밤 <b>하늘</b> 아래,https://blog.naver.com/uclzzang/223161716447,동동이의 꿈을 찾아서!
121,농라카페 장항 <b>하늘</b>수산 생물오징어 구매후기,https://blog.naver.com/ranyzz/223160264153,"미단, 일상을 요리하다"
122,상암 <b>하늘</b>공원에서 주니어 우정스냅 사진 촬영,https://blog.naver.com/ninja77770/223161180454,메이크업스토리
123,"공립 서귀포<b>하늘</b>어린이집, 어려운 이웃 위해 시장놀이 수익금... ",https://blog.naver.com/kohj007/223167226703,"제주도 사랑, 그리고 환경 사랑"
124,[양재 미용실] 준오헤어 양재1호점 남자펌 후기 (<b>하늘</b> 디자이너님),https://blog.naver.com/jieunhaha92/223162878954,Jieun Blog
125,"비비추 꽃말, <b>하늘</b>에서 내린 인연",https://blog.naver.com/mmundi/223161314595,여행 같은 산행 ♬~
126,<b>하늘</b> 구름 그리고 강아지,https://blog.naver.com/inzzang80/223169530093,★☆ HELLO RUBY 헬로루비 ★☆
127,도로시파스타 <b>하늘</b>도시점,https://blog.naver.com/elena1210/223158684716,엘레나정의 블로그
128,<b>하늘</b>이 뚫린 건 아니군!,https://blog.naver.com/wtkang/223160770923,해아래
129,아차산 - 용마산 #35 - &quot;오늘 나의 <b>하늘</b>은 무엇이 될까?&quot;,https://blog.naver.com/namtimothy/223160565099,만 남 그리고 흔 적
130,소나기 쏟은 후 눈부신 푸른 <b>하늘</b>이. 팔거천 5킬로 러닝.,https://blog.naver.com/kimmc1403/223166016758,하늘바람의 Memories..
131,2023.07.30 연중 제17주일 “<b>하늘</b> 나라는 밭에 숨겨진... ,https://blog.naver.com/fatherwon/223169563536,F1
132,호랭이가 <b>하늘</b>나라로 갔어요...(마지막인사 - 좋은곳으로 가길...),https://blog.naver.com/ninja50000/223164418894,날아갈 수 있는 그날을 위해!!!
133,역시 <b>하늘</b>! (쌍무리- 착한사람들한테만 보임! ㅋㅋ),https://blog.naver.com/hdglbys/223160102036,BadaRang
134,2023 국립극장 &lt;완창판소리&gt; 9월 | 9.16(토) 국립극장 <b>하늘</b>,https://blog.naver.com/ntok2010/223162369300,국립극장 공식 블로그
135,7/18일. <b>하늘</b>구름이 내게 하는 말,https://blog.naver.com/gennixingfu/223160155180,모든일상
136,<b>하늘</b>이...<b>하늘</b> 한번 올려다 봐요^^,https://blog.naver.com/smfchfhr/223169101219,오늘 행복하기♡
137,포켓몬코리아 &apos;<b>하늘</b>을 나는 피카츄 프로젝트 in 제주&apos; 개최... ,https://blog.naver.com/ps3player/223165812597,스파이크의 무한 잡설 공간
138,행복찾아 떠난 상암 <b>하늘</b>공원 메타세콰이어길 초록물결이 이는... ,https://blog.naver.com/bonitajin2/223166062040,bonitajin2님의 블로그
139,<b>하늘</b> 아래 근심이 없는 마을 무수천하마을과 깊은 역사를 느낄... ,https://blog.naver.com/storydaejeon/223165763676,대전광역시 공식블로그
140,<b>하늘</b>땅 열일곱 번째 전시회 ‘오래된 미래’,https://blog.naver.com/finechoi12/223168048021,글로컬타임스(Glocal Times)
141,"[평창] 대관령 <b>하늘</b>목장, 아~ 또 가고 싶다.",https://blog.naver.com/mamacapetown/223152778287,마마케이프타운
142,고화질 아이폰 배경화면 * 257번째 나눔(<b>하늘</b> 배경화면),https://blog.naver.com/wkao9489/223127694306,바이윤의 감성로그
143,"경주 <b>하늘</b>터밭, 별채  유심정에 뷰창 제작",https://blog.naver.com/jsj4002/223157167053,경주 하늘터밭
144,거제 ㅡ 수협효시공원 커피<b>하늘</b> 전망대 ㅡ 23년7월31일,https://blog.naver.com/phk581210/223170925901,귀촌생활
145,신도림 라마다호텔 웨딩 뷔페 맛남~^^ 아름다운 <b>하늘</b>정원 홀,https://blog.naver.com/armdaunai/223162886439,초록생각의 탐방생활
146,서리풀 공원의 <b>하늘</b>,https://blog.naver.com/mandoolucky/223169793408,mandoo의 이야기
147,호암미술관 [한 점 <b>하늘</b> 김환기 전] /스노우피크 캠프필드 카페... ,https://blog.naver.com/ivoried/223170930248,상아스러워
148,<b>하늘</b>에서 본 유럽과 중동,https://blog.naver.com/greeen_star/223154847098,초오록별
149,용인 전시 | 호암미술관 전시 &apos;한 점 <b>하늘</b> : 김환기&apos; 회고전... ,https://blog.naver.com/fotoleekm/223170261861,on your everyday life | 이경민스튜디오
150,[D+1676] 평창 가족여행 2일차: 대관령 <b>하늘</b>목장,https://blog.naver.com/hiplum/223162679237,일상과의 대화
151,오늘 <b>하늘</b> 마치 농협은행...,https://blog.naver.com/youmen2as/223159759377,ⓒ뷰스타 쥬쥬의 코스메살롱
152,여름날 기대해 볼 만한 <b>하늘</b> 모습... &apos;노을&apos; (풍경사진 / 일몰... ,https://blog.naver.com/steal10/223160596046,크레이지푸의 카메라로 그리는 세상
153,"사진 의상, 컨셉 이색적으로 준비하고 싶다면? 바로 여기 <b>하늘</b>정원!",https://blog.naver.com/babyhanle/223162601217,하늘정원스튜디오
154,고화질 아이폰 배경화면 * 256번째 나눔(<b>하늘</b> 배경화면),https://blog.naver.com/wkao9489/223120721827,바이윤의 감성로그
155,비개인 <b>하늘</b>이 너무 이쁘다,https://blog.naver.com/bh641020/223160914903,★ 왕 고 집 농 원 ★
156,맑고 쾌청한 <b>하늘</b>을 보면서 야탐을  한 해파랑길 14코스에서...,https://blog.naver.com/hgjeong328/223163022697,산머슴의 사랑방 이바구
157,광주 진월동 금광<b>하늘</b>연가 아파트인테리어,https://blog.naver.com/cubegirl45/223155511360,:)
158,[7월 4주 라카페] 자꾸만 생각나는 상큼달달 그맛 <b>하늘</b>복숭아티... ,https://blog.naver.com/racafe/223163816774,Ra Cafe Gallery
159,잠깐의 동네탐조 제비 유조와 <b>하늘</b> 위의 맹금,https://blog.naver.com/soulfulog/223157505898,SOULFUL:OG
160,[개인구조] <b>하늘</b>이를 평생 가족으로 맞아주실 분을 찾습니다.,https://blog.naver.com/animalkara/223158658558,"동물권행동 카라, 인권을 넘어 생명권으로!"
161,인천 영종<b>하늘</b>도시점 피자스쿨 신메뉴 불닭고구마피자... ,https://blog.naver.com/iceorange84/223165548198,취미를 일상에 담다
162,230718 파란<b>하늘</b>과 무지개.,https://blog.naver.com/dailylifelogin/223159776635,쑈한일상 (기억보관함)
163,수영장+계곡이 있는 홍천 숙소 <b>하늘</b>바라기글램핑,https://blog.naver.com/joop336/223159807973,너 리 세 상
164,김해아이랑 물놀이 <b>하늘</b>농장,https://blog.naver.com/coolestlove/223159179593,♥러블리썬✈️여행하기 좋은 날
165,"떡볶이. [제주렌탈하우스 서쪽<b>하늘</b>_독채펜션, 휴식펜션, 복층펜션]",https://blog.naver.com/yokimo2/223165099075,Jeju Rental house & Cafe 서쪽하늘
166,마곡역 맛집 금고깃집 <b>하늘</b>직영점 금돼지 삼겹살 항정살... ,https://blog.naver.com/zzyongimda/223164493118,zzyongimda
167,"장마, 극한 호우 시대, 비온 뒤 찾아온 맑은 <b>하늘</b>, 저녁노을",https://blog.naver.com/leedado/223159967780,Dream to Make It Real
168,"저녁<b>하늘</b>, 쌍무지개 선물",https://blog.naver.com/kimunan/223169451101,[생각의시각화] 세상에 오줌 싼 흔적이야기
169,파란 <b>하늘</b>을 찾아 성산일출봉 산책,https://blog.naver.com/stravinsky1/223158288614,감사가 넘치는 제주 일상과 바다이야기
170,남해 해지는 붉은 노을 춤추는 서쪽 <b>하늘</b> 불태운 하루,https://blog.naver.com/ldh88910/223171276486,마음이 쉬어가는 남해 비경 여행
171,일시 비 개인 뒤 끝 <b>하늘</b> 구름 모습은 아름다웠다!,https://blog.naver.com/myn33/223159839121,myn33님의 블로그
172,"긴 &apos;역대급 장마&apos; 중, 맑게 갠 <b>하늘</b>이 열리던 날의 바다.",https://blog.naver.com/zeenokim/223159203853,지노n로드
173,여름<b>하늘</b> 여행일러스트 색연필그림 꽃그림그리기 퇴근후일상,https://blog.naver.com/grimsooop/223161989685,THE GRIMSOOP
174,내가 좋아하는 모네의 <b>하늘</b>,https://blog.naver.com/lijueun/223157914579,가장 나다운 부자일기
175,스쿠터 나들이 / 폴바셋 혜화 / 윤동주 시인의 언덕 / <b>하늘</b> 구경,https://blog.naver.com/hahajin2001/223167113579,하하하하진님의 블로그
176,무지개 그리고 미치도록 예쁜 <b>하늘</b>과 깻잎전(feat.캔맥주),https://blog.naver.com/skpark80/223160920325,잠시 쉬어가도 괜찮아!
177,<b>하늘</b>이 너무 이뻐서^^,https://blog.naver.com/wmimo/223169470565,wmimo님의 블로그
178,오랜만에 보는 맑은 <b>하늘</b>,https://blog.naver.com/jeremiah2911/223159067457,Good Tidings
179,비 오는 고당봉과 큰<b>하늘</b>나리☆,https://blog.naver.com/wlfltksdud52/223152826214,꿈꾸는 푸른 자유!
180,"<b>하늘</b>에서 본 우리동네 - 원주, 영월, 정선",https://blog.naver.com/hwonnara/223152717936,훤나라 우리나라 기웃기웃
181,"김환기전 (한 점 <b>하늘</b>), 전통 정원 희원 -- 호암 미술관 (용인)... ",https://blog.naver.com/ksk407706/223168023074,내 마음 속의 그림
182,"[일상] 광탈, 그리고 <b>하늘</b>이 미친 주간",https://blog.naver.com/palette_wnb/223157610842,흰검이의 쉼표
183,"팔공산국립공원  (원효굴, 청운대, <b>하늘</b>정원)",https://blog.naver.com/ssku551/223154685960,팔공산 모롱이에서
184,"&lt;파리의<b>하늘</b>아래,아들과함께3000일&gt; 인생의 여름휴가♡",https://blog.naver.com/loveimi/223170650514,★오늘도말금★
185,사월의 책. <b>하늘</b>이여 땅이여 _김진명,https://blog.naver.com/dbrjs5/223160725675,사월의 기록
186,2023.07.09 (일) <b>하늘</b>공원,https://blog.naver.com/zzcs3/223151430827,블로그
187,팔공산 <b>하늘</b>정원 야생화 그리고...,https://blog.naver.com/somangheso/223153612399,수선화
188,"말레~리조트 수상비행기 이동 :: 수상비행기 내부샷, <b>하늘</b>에서의... ",https://blog.naver.com/kwjz614/223165196853,린요 사진창고
189,"<b>하늘</b>도시 고기집, 더그릴육선",https://blog.naver.com/elena1210/223151856128,엘레나정의 블로그
190,<b>하늘</b> 예뻤던 예단포 산책로,https://blog.naver.com/kyy4197/223168175122,윤주의 쉼터~~
191,김부각맛집 #가을<b>하늘</b>양송이 무설탕 비건 찹쌀김부각,https://blog.naver.com/hjhj1214/223156574339,최자매 블로그
192,더할 나위 없었던 몽골 테를지의 <b>하늘</b>,https://blog.naver.com/vento95/223153384543,캠핑하는 햇님이
193,<b>하늘</b> 병원 스포츠재활센터에서 체형교정을 위한 운동 시작하기.,https://blog.naver.com/sejinhan66/223156884682,뭉게구름의 힐링LIFE
194,"장맛비 그치자 등장한  푸른 <b>하늘</b>, 분당 네이버 본사와 의왕... ",https://blog.naver.com/ki116/223162630057,신우아빠&apos;s 깨끗한 세상!
195,<b>하늘</b> 기록하기 주간일기,https://blog.naver.com/horanghee12/223170271688,호랑힛
196,[오운완] 얼마만에 보는 파란<b>하늘</b>인지 5km 걷기 운동인증,https://blog.naver.com/namjihye5/223160016589,하드보일드한 감성아이콘의 일상다반사
197,7월 일본 여행 우기 날씨 3일간 후쿠오카 <b>하늘</b> 사진 모음,https://blog.naver.com/gudth331/223156817514,"속지말자,무보정 영상 블로그"
198,"(영상) 저녁 7시 42분, 비 온 뒤 먹구름 낀 <b>하늘</b>, 전신주, 전깃줄",https://blog.naver.com/fendee/223156636156,Guitar Blossom
199,마산 어울림<b>하늘</b>카페 다녀왔어요,https://blog.naver.com/hana_bee_/223153478998,행복한 꾸꾸네
200,가평펜션추천 남이섬<b>하늘</b>사랑펜션 SNS 쁘띠쁘띠해요,https://blog.naver.com/skylovelove1/223157479750,가평펜션 & 남이섬하늘사랑
201,"양재역 미용실 추천, 준오헤어 양재1호점 <b>하늘</b> 디자이너... ",https://blog.naver.com/alth2214/223158760781,춘하추동 색다르고 짜릿하게
202,drama 진짜가 나타났다 등장인물 <b>하늘</b>이 오<b>하늘</b> 딸기 정체?... ,https://blog.naver.com/chummilmil99/223163291001,북커크 행성 :: 북 커피 재테크
203,"230726 _ 은하루, 그리고 <b>하늘</b> @합정동",https://blog.naver.com/ridethetiger/223168844260,aipharos
204,우리동네 남의동네 <b>하늘</b>배경 사진놀이,https://blog.naver.com/jo59k/223170479632,소소한 행복
205,[파이널 판타지 16][공략] 메인 스토리 - 통곡의 <b>하늘</b>,https://blog.naver.com/kbhyo0223/223170394787,비류의 취미가
206,자연의법칙 자연은거짓말할줄모른다 폭염주의보 구멍뜷린<b>하늘</b>... ,https://blog.naver.com/kkyrk/223170152608,youngman
207,망원동 상실이네+1254 발목골절수술 464일 <b>하늘</b> 구멍 뚫렸냐..... ,https://blog.naver.com/paple21/223161964474,"상실이집사 여행후일상 ★Banat, banat, ban jai.★"
208,가끔씩 <b>하늘</b>을 보며 생각과 마음으로부터 해방되자,https://blog.naver.com/writestyle/223157166549,시간의 향기
209,포천 한탄강<b>하늘</b>다리 찾을만한 경기북부여행,https://blog.naver.com/kpp0722/223154436347,양주여행
210,"<b>하늘</b>에서 서해를 즐길 수 있는 곳, 서해랑 제부도해상케이블카",https://blog.naver.com/hsview/223161617177,화성시 공식 블로그 &apos;화사함&apos;
211,대전신세계백화점 -<b>하늘</b>공원,https://blog.naver.com/kya4211/223127729226,엄마는 외계인의 하루
212,"마,푸른마,<b>하늘</b>마",https://blog.naver.com/dolsansol/223162465891,산너머의 야생화 산책
213,마포 <b>하늘</b>공원 메타세콰이어길 - 시인의 거리,https://blog.naver.com/cws4u/223151918443,윤서아빠의 블로그
214,대관령 <b>하늘</b>목장,https://blog.naver.com/mela_ju/223153390957,펜은 심장의 지진계
215,<b>하늘</b>에 당신 편이 생겼어요,https://blog.naver.com/enhance/223167408499,Enhance
216,남한산성서 1년만에 다시 만난 <b>하늘</b>말나리,https://blog.naver.com/choibeomseo/223148894202,꿈과 글이 있는 꽃길
217,인천 드리핀 디테일 <b>하늘</b>도시점 영종도 세차,https://blog.naver.com/j_world90/223152491173,밴쿠버홀릭
218,아름다운 동유럽의 <b>하늘</b>을 날아보자 MSFS 2020 월드... ,https://blog.naver.com/audio_hifi/223167405162,오디오세상
219,<b>하늘</b>병원 스포츠 재활센터에서 운동 후 병원식당 점심식사... ,https://blog.naver.com/sejinhan66/223156882705,뭉게구름의 힐링LIFE
220,️스퀘어원에서 여름나기 &amp; <b>하늘</b> 감상☁️,https://blog.naver.com/purelove1228/223170750446,J&apos;s Note
221,"부산 안락동카페 &quot;커피스토어 부산안락SK점&quot; 커스더블샷, <b>하늘</b>... ",https://blog.naver.com/mhjblue/223158906544,광안둥이의 아이와 행복한 일상♥
222,"<b>하늘</b>을 향해: 두려움을 잊은 여성 항공가, 메리 마이어스",https://blog.naver.com/orangeagency/223171569165,오렌지에이전시 Orange Agency
223,네일<b>하늘</b> 당리역네일 반려동물 동반 가능 사하구네일,https://blog.naver.com/plastas/223170039239,개미같은 베짱이 일상
224,"<b>하늘</b>을 나는 사랑꾼, 벨라와 마르크 샤갈",https://blog.naver.com/farandnc/223152668607,여우집의 문화일상 아카이브
225,[진에어] 푸켓-인천공항 비행기 <b>하늘</b> 샷,https://blog.naver.com/dr_clean-/223169858004,지금은 청소시간
226,"시흥 <b>하늘</b>휴게소, 국수맛집이었네",https://blog.naver.com/luckyne_geotv/223164732497,럭키네와 지구탐험 지오티비
227,클럽72cc (구) 스카이72cc <b>하늘</b>코스 후기,https://blog.naver.com/hun5557/223170700130,Beom&apos;s Story
228,경북 군위 화산산성 풍차 <b>하늘</b>전망대 화산마을 대구 근교... ,https://blog.naver.com/rain0fmoon/223158965618,소소하게 떠나는 여행
229,몇일만에 본 파란<b>하늘</b>/집중호우피해/충남아산/송악면수해... ,https://blog.naver.com/come100tome/223161449917,오랜인연의 끈˶˶✿
230,비 그친 여름 <b>하늘</b>’(서서),https://blog.naver.com/nanasung6/223169732439,사랑
231,남구청근처카페 <b>하늘</b>달열사흘날 울산 남구 디저트 카페,https://blog.naver.com/coordisy/223152130040,말랑아내 :)
232,파란 <b>하늘</b>이 좋다.,https://blog.naver.com/greatsm2001/223147900495,사색과 낭만
233,비발디파크 맛집 고기가 맛있는 숨은 맛집 <b>하늘</b>꽃담,https://blog.naver.com/smmw4525/223171347896,먹꾸러기 비글이네
234,구멍뚫린 <b>하늘</b>,https://blog.naver.com/gutfri/223156336759,아빠농원
235,도비업체 <b>하늘</b>중량 산업기계운반설치 전문업체,https://blog.naver.com/32sjdqls/223171071449,2월29일 하루더하기
236,[한번 더. 송대관] &apos;<b>하늘</b>나라가 가까이 왔다.&apos;,https://blog.naver.com/ljs0819kr/223154407182,너 어디에 있느냐?
237,원추리와 왕원추리 그리고 <b>하늘</b>말나리,https://blog.naver.com/bulsajo007/223148974846,bulsajo007님의 블로그
238,오늘 <b>하늘</b> 보셨나요?,https://blog.naver.com/yunchun4/223166880059,하늘향기 온세상에
239,수면다이어트 잠들기 전 챙기는 GRN <b>하늘</b>이,https://blog.naver.com/eunbyeol11/223149123353,반짝벼리별
240,<b>하늘</b>에 불이 났나?天空着火了吧tiānkōng zháohuǒ le ba,https://blog.naver.com/bang_story/223169497909,bangbangstory 방방스토리 帮帮的故事
241,이쁜 <b>하늘</b>에 이쁜 심지 더하기,https://blog.naver.com/illilliilil/223171148420,MY BLOG
242,"하도리 독채숙소 <b>하늘</b>을달리다, 하도핑크 딱새우리조또 후기",https://blog.naver.com/hjy2778/223163550083,아모르파티
243,"포천 가볼만한곳, 한탄강 비둘기낭 폭포 <b>하늘</b>다리",https://blog.naver.com/tameones/223150252270,길들이기&apos;s 텃밭이야기 (feat. 여행이야기)
244,<b>하늘</b>을 품은전구,https://blog.naver.com/bigmouthpig/223170358266,향기나무님의 블로그
245,모처럼 <b>하늘</b>과 석양을~,https://blog.naver.com/osjko/223165991054,섬진강 지리산 사랑
246,"<b>하늘</b>에서 건배!, 대한항공 9월부터 기내에서 &apos;칼스라거&apos; 제공",https://blog.naver.com/rits/223167317760,영종의 항공이야기
247,"230717 젤다의전설 왕눈일지 (시작의 <b>하늘</b>섬의 전승, 이죠오의... ",https://blog.naver.com/savior930916/223158932128,"세이비어: 낙서장, 잡담"
248,호암미술관 - 한 점 <b>하늘</b> 김환기 회고전 1,https://blog.naver.com/allin69_/223160273017,인생은 휴가다 !
249,카페 나들이 -시흥 초록과 <b>하늘</b> 사이,https://blog.naver.com/kek1382/223148822802,소느로
250,7/24~7/30 : <b>하늘</b> 조하,https://blog.naver.com/kyunghj9742/223170556930,둥이언냐 먹고놀자
251,[경북 봉화 청량산] 국내에서 제일 긴 <b>하늘</b>다리 / 장인봉... ,https://blog.naver.com/uoekko/223171102856,융여의~심심풀이 땅콩
252,베트남 다낭으로 가면서 <b>하늘</b>에서 바라보는 일망무애의 풍경,https://blog.naver.com/msy5088/223152968339,이 또한 지나가리라
253,<b>하늘</b>이 주는 행복,https://blog.naver.com/angela880330/223167889934,"그럼에도 불구하고,"
254,구례 짚라인 - 지리산스카이런 <b>하늘</b>을 횡강하는 짜릿함이란... ,https://blog.naver.com/mandoo9111/223163961843,디지털 타요쌤
255,"오늘의 사진, 이수역 <b>하늘</b>과 구름",https://blog.naver.com/hyunsairo/223166990444,사진가 현새로(현경미)
256,"란아, <b>하늘</b>나라에서 보고 있니?",https://blog.naver.com/counselor518/223154382021,연담(蓮潭) 명리학 연구원(사주 상담)
257,(영상) 푸른 <b>하늘</b>을 자유롭게 날아다니는 새(제비) 떼,https://blog.naver.com/fendee/223150742705,Guitar Blossom
258,"7월 대전 여행지(소제동 벽화,대동<b>하늘</b>공원)",https://blog.naver.com/storydaejeon/223149273928,대전광역시 공식블로그
259,비발디파크 맛집 고기 품질이 좋은 정육식당 <b>하늘</b>꽃담,https://blog.naver.com/tjal8108/223171274612,"하늘다운의 정보, 일상 공유"
260,<b>하늘</b>말나리 꽃과 백합,https://blog.naver.com/ksrmg2002/223147490777,쉼터 - 소박한 나의 삶
261,가평베네스트cc회원권 <b>하늘</b>아래 골프장의 풍광,https://blog.naver.com/donga_golf/223159347219,┌❤️NO.1 회원권거래소❤️┐
262,너무나 예뻤던 <b>하늘</b>...,https://blog.naver.com/asislet/223167563565,써니의 꿈이 있는 집
263,"[제주렌탈하우스 서쪽<b>하늘</b>_독채펜션, 휴식펜션, 복층펜션]",https://blog.naver.com/yokimo2/223158944800,Jeju Rental house & Cafe 서쪽하늘
264,김해 장난감 완구점 외동 <b>하늘</b>완구,https://blog.naver.com/gahee1029/223146971430,히글이 365일_ 노는게 제일 좋아. 여행/일상/맛집
265,파란만장 <b>하늘</b>,https://blog.naver.com/jecicasung/223167619499,인생은 속도가 아니라 방향이다
266,[중산동 빵집] 앙버터소금빵을 파는 영종<b>하늘</b>도시 빵집 빵드오늘,https://blog.naver.com/chaerishhh/223154375697,열심히 살자
267,&lt;한 점 <b>하늘</b>&gt; 김환기전_20230630,https://blog.naver.com/ceh227/223145015973,키다리아저씨 행복정원
268,오랜만에 맑은 <b>하늘</b>을 본 날  #  조기 매운탕  # 더운 여름에... ,https://blog.naver.com/ddha07/223160867819,"コーヒーパン,旅行 ..私のいろいろ"
269,하남 신장동맛집 백종원골목식당 <b>하늘</b>사다리 모녀김밥,https://blog.naver.com/kslovejh99/223149585106,여행을 꿈꾸는 행복충전소
270,"[다이어리] 보드게임, <b>하늘</b>, 과자, 교환, 예정 (741일차)",https://blog.naver.com/hedis5/223159902199,헤디스&apos;s Diary
271,천의무봉 (<b>하늘</b> 선녀들의 옷은 꿰맨 자국이 없다),https://blog.naver.com/future_happiness/223171506861,프레나 힐링랩 공식 블로그
272,"걸어서 노르웨이 <b>하늘</b>까지, Hamaren Treetop Walkway",https://blog.naver.com/lukejhlee/223141228221,스칸디나비아의 루크와 안젤라 / 노르딕후스
273,제주도 여름/8월의 제주<b>하늘</b>바람,https://blog.naver.com/rt0801/223171388174,제주하늘바람 한달살기&귤농장
274,비발디파크 맛집 고품질고기와 감칠맛이 있는 <b>하늘</b>꽃담~!!,https://blog.naver.com/top81573/223171125555,백장미
275,인천<b>하늘</b>수 1만 병 수해 피해지역에 긴급지원,https://blog.naver.com/ninenice1/223168291855,.
276,[31일차 1시간 걷기] 오늘 <b>하늘</b> 색깔의 변화가 예술입니다,https://blog.naver.com/psjlkt/223171142041,배우며 성장하는 책읽기 좋아하는 엄마
277,바다탐험대 옥토넛 극장판 육지넘어 <b>하늘</b>까지! 초1도 재밌어!,https://blog.naver.com/kingsuda/223170128262,"귀염수다의 알콩달콩house-엄마표홈스쿨,유아독서"
278,[비발디파크 맛집] <b>하늘</b>꽃담 추천!!,https://blog.naver.com/rose08248/223171168342,함께 나누며&공감하며♡♡
279,"무교동 <b>하늘</b>, 오늘은 서울<b>하늘</b>이 외로워",https://blog.naver.com/yaki80/223168343324,부장님께 들켜버린 블로그
280,"<b>하늘</b>보리 에코, 1.5L, 12개",https://blog.naver.com/white0703s/223145095624,♡
281,군위 가볼 만한 곳 &apos;팔공산 <b>하늘</b>정원&apos; &apos;원효굴&apos;.,https://blog.naver.com/minderella55/223145349055,지금 이 순간!
282,오션비치cc 는 <b>하늘</b>과 바다가 어우러진 청정지역의 골프장,https://blog.naver.com/gogo_clark/223153026950,TOURMANIA(골프이야기)
283,비 <b>하늘</b>에 구멍이라도 뚫렸나요 | 23.07.14,https://blog.naver.com/ryongsame/223156481945,안빵 Masil[마실]
284,[<b>하늘</b>이 딱딱했대?] 3학년 온책읽기,https://blog.naver.com/lala2403/223146935768,Greenhuissam
285,여름밤 <b>하늘</b> 보며 만보 걷기,https://blog.naver.com/llskskll/223165416275,푸른하늘
286,(포천)한탄강 주상절리길 트레킹(2) - 포천 한탄강 <b>하늘</b> 다리를... ,https://blog.naver.com/suziesuzie/223159828019,수지의 일상의 발견
287,"선재도, 목섬 그리고 눈부신 <b>하늘</b>",https://blog.naver.com/cjymarian/223169635729,마리앤의 나눔세상
288,GRN<b>하늘</b>이 연예인도 인정한 수면다이어트 비법,https://blog.naver.com/reprofessional/223144954502,리프 데일리
289,더 이상 <b>하늘</b>에 계시지 마옵시고,https://blog.naver.com/pmp0801/223163920516,종교를 넘어 영성으로
290,강아지 항암치료 완료 5개월 차 <b>하늘</b>이 근황과 식단,https://blog.naver.com/nam1092/223170049019,내가브랜드
291,포천 가볼만한곳 한탄강<b>하늘</b>다리 관광지 포함 포천여행,https://blog.naver.com/nailstan/223140446698,행복물결 넘실대는 여행이야기
292,<b>하늘</b>에서 바라본 남해 패러글라이딩 도전,https://blog.naver.com/love8384/223170525547,준서소은 MoM
293,어제의 <b>하늘</b> 풍경 (7/19),https://blog.naver.com/sgoh12_/223161175388,썬샤인 오
294,주말 서울 근교 나들이 곤지암 리조트 루지 이용 및 <b>하늘</b>공원 안내,https://blog.naver.com/moon_yona/223156498416,ѕυa x cнan 매일이 여행ෆ
295,구름 덕분에 <b>하늘</b>이 참 예쁜 날들이에요,https://blog.naver.com/reheart-healing/223167954337,리하힐링 ReHeart Healing
296,인천 영종 <b>하늘</b>도시 맛집 가성비 중식 코스 영종길상,https://blog.naver.com/climbingpeng/223171598597,산타는 펭수
297,7월 <b>하늘</b>이 예쁜 신라C.Cㅣ 코벤져스 라운딩,https://blog.naver.com/angie4u/223170199383,뷰티커넥터 BEAUTY CONNECTOR
298,출근 퇴근길에 보는 <b>하늘</b>은...,https://blog.naver.com/wkadyd/223167069617,텃밭에서 꽃심고 사진 찍어요.
299,<b>하늘</b>정원&gt;공항2터미널&gt;정서진,https://blog.naver.com/sonjson/223143353804,달하 노피곰 도드샤
300,경주 키즈풀빌라 아이랑 가족펜션 숙소 <b>하늘</b>내음 추천!,https://blog.naver.com/damsofactory/223153562463,담소 :: 복세편살 개애육아
301,벤쿠버 <b>하늘</b>에 뜬 수퍼 문(Super Moon),https://blog.naver.com/smh3west/223147444618,"벤쿠버가 좋다. 그래서 다~아 보여준다, 벤쿠버"
302,"6월 영종도, 인천공항<b>하늘</b>정원 유채꽃축제.2",https://blog.naver.com/blue0112/223142904588,It&apos;s my nature
303,생방송 투데이에 방영된 진해 돼지갈비 찐 맛집 In <b>하늘</b>땅,https://blog.naver.com/wlswls7999/223170468131,뷰티유저 쓰쓰진
304,[블챌] 대관령 <b>하늘</b>목장과 백두대간선자령,https://blog.naver.com/yummyline/223142780772,yummyline
305,<b>하늘</b>의인연 75회 76회 예고,https://blog.naver.com/yesbi/223171104156,쉿 ! 나만 있어
306,극장판 도라에몽 진구와 <b>하늘</b>의 유토피아 간단 감상평,https://blog.naver.com/sbc1309/223151807447,DEVIL to RAYS
307,"비 갠 오후 분당 탄천의 <b>하늘</b>, 풍경",https://blog.naver.com/orfeo1109/223166637367,매일매일♡기쁘게
308,전주 <b>하늘</b>천숯불갈비_모임장소로 좋은 혁신도시 맛집 추천,https://blog.naver.com/songmi0105/223169775912,뚜똥의 맛집여행
309,모네가 울고 갈 <b>하늘</b>/ 부지런한 농부의 손길/소나기도 고마워요,https://blog.naver.com/pimam1319/223171476042,새 미님의 블로그
310,오산정육점 세교 <b>하늘</b>우정육센타 불금 메뉴 삼겹살 세마역... ,https://blog.naver.com/miffy992279/223154174364,마음으로 보는 아름다움
311,230725(화) 오랜만에 본 파란<b>하늘</b>,https://blog.naver.com/cknrjh/223166282416,♬ 세 아들맘 블로그 ♬
312,비발디파크 맛집 &quot;<b>하늘</b>꽃담&quot; 고기가 맛있는 숨은 맛집,https://blog.naver.com/ss5604509/223171143293,DaHee 블로그
313,"일기예보도, <b>하늘</b>을 보아도 비가 오지 않을 것 같았으나 우산은... ",https://blog.naver.com/rndsoehd112/223160965086,인생이 즐겁다.
314,운서역 고기집 <b>하늘</b>정육식당 깔끔한 고기와 냉면을 원한다면!,https://blog.naver.com/minipooh20/223169988532,경제 쫌 아는엄마
315,장마철 비로 세수한 맑은 <b>하늘</b>의 낮과 밤 구름,https://blog.naver.com/free6714/223167092948,마음 돌보기
316,GRN<b>하늘</b>이 체지방컷팅제 내돈내산 솔직후기,https://blog.naver.com/h__y010/223168234120,영이로그 ⋆⁺₊⋆
317,비발디파크 맛집  고기품질 좋은 정육식당  <b>하늘</b>꽃담,https://blog.naver.com/qazqazsd11/223171269398,러블리맘의 맛집여행
318,네일빛날희 - <b>하늘</b>체커보드 포인트네일,https://blog.naver.com/kanghee1991/223169907036,빵히의 아웃도어 라이프 + 일상기록
319,묘한사랑 고양이카페 고양이입양 <b>하늘</b>이 러시안블루성격... ,https://blog.naver.com/ped95/223149566131,붕장군
320,<b>하늘</b>말나리,https://blog.naver.com/yunchun4/223150265148,하늘향기 온세상에
321,그림책 서평 클래스 (2023.8.24~8.31 개포<b>하늘</b>꿈도서관),https://blog.naver.com/cjstlsdo/223167965994,꼬맹이 언니네
322,마포 난지 테마관광 숲길 시인의 거리(월드컵공원의 <b>하늘</b>공원... ,https://blog.naver.com/jsnam007/223157669335,오늘은 선물
323,"태풍, 홍콩<b>하늘</b>, 디저트가게, 스케이트장, 세금신고, 학원광고... ",https://blog.naver.com/slater12/223157468504,Rocketeer
324,여름 <b>하늘</b> 여름 엄마집,https://blog.naver.com/pleseanna/223147972688,mu의 일상 일러스트
325,울산 <b>하늘</b> 여행의 시작! 울산공항 주차요금 및 이용 꿀팁 안내,https://blog.naver.com/usbukgu/223155154192,울산 북구청
326,[영종도 맛집] 더그릴육선: 144시간 웻에이징 <b>하늘</b>도시 고기집,https://blog.naver.com/naldoocong/223170653142,날두콩이 왜 날듀콩이게
327,"<b>하늘</b>, 별, 달",https://blog.naver.com/wspace/223145535077,PLAY CREATIVE!
328,부산 <b>하늘</b> 상공의 블랙이글스 에어쇼 이색 체험,https://blog.naver.com/bada3347/223169518484,바다의 맛있는 사진여행
329,<b>하늘</b>아래썬 여름 신상! 러블리 포켓 반바지가 나왔습니다♥,https://blog.naver.com/dbdkclsrn/223149335806,하늘아래썬_Sun_inthesky_
330,[<b>하늘</b>마루 역사 이야기] 서대문 독립공원으로 나눔 답사를 갑니다.,https://blog.naver.com/seunglee0313/223156680270,하늘마루 역사 이야기
331,<b>하늘</b>에서 구멍뚤린 7월13일 라마지샤 아메숏 키튼,https://blog.naver.com/fnfnfjfj/223155300387,아메리칸 숏헤어 캐터리 라마지샤
332,"대동<b>하늘</b>공원, 우암사적공원, 대청호 명상정원, 대전... ",https://blog.naver.com/korea_diary/223155993193,[한국관광공사] 국내여행 블로그
333,"<b>하늘</b>꽃담, 비발디파크 맛집",https://blog.naver.com/ddalki5t/223171201683,찬찬히걸어가요
334,애니메이션 영화: 극장판 도라에몽: 진구와 <b>하늘</b>의 유토피아... ,https://blog.naver.com/dance8090/223150544299,구공탄의 영화와 넷플릭스
335,<b>하늘</b>아래 땅이 있고 그 위에 내가 있으니···아! 가을인가봐,https://blog.naver.com/ydk3953/223167054973,사람사는이야기속으로
336,호암미술관 전시회 _ 한 점 <b>하늘</b> 김환기 전시회 방문후기,https://blog.naver.com/jibi1108/223155243832,★
337,한라산 :: <b>하늘</b>아래거닐다,https://jeon6915.tistory.com/2900,하늘아래거닐다 :: 하늘아래거닐다
338,"<b>하늘</b>을 자유롭게 날기 위한 꿈, 드론과 UAM",https://blog.naver.com/autolog/223152134757,한국교통안전연구소
339,"(영상) <b>하늘</b>매발톱, 잎이 피었다 지기를 반복(7월 23일~10월... ",https://blog.naver.com/fendee/223151462009,Guitar Blossom
340,<b>하늘</b>은 맑은데 아침부터 지치네요,https://blog.naver.com/jidorimj/223167332103,상큼한 뿌미맘의 작은 집 미니멀 라이프
341,자전거 마실라이딩_<b>하늘</b>을 향해 미를 뽐내는 능소화를 만나러... ,https://blog.naver.com/guide_p/223151548294,의미있는 삶
342,영종도 <b>하늘</b>도시 맛집 팔각도 영종<b>하늘</b>도시점,https://blog.naver.com/lalalasarm0070/223168941438,10분전•◡•。
343,돌아기된장국 만들기 <b>하늘</b>터밭 저염된장,https://blog.naver.com/bdsea1217/223168449642,우리의 시간
344,마포 <b>하늘</b>공원,https://blog.naver.com/ohyjoon/223164703309,마음의 행로
345,"뜨왈 명화 원피스, 투피스 <b>하늘</b><b>하늘</b> 시원한 여름용 여성 잠옷... ",https://blog.naver.com/jhr4064950/223159280412,춘천홈_HOME
346,클럽72 <b>하늘</b>코스 1부 라운딩 후기,https://blog.naver.com/hwan35482/223138728157,앤드류의 즐거운 인생
347,순천 연향동 경양식 돈까스 맛집 <b>하늘</b>지기,https://blog.naver.com/flower789/223168371919,해피라이프로그 ˚₊·—̳͟͞͞♡
348,호암미술관 한점<b>하늘</b> 김환기 전시,https://blog.naver.com/happytrip_/223148812372,잘 나가는 엘린
349,[제주이주 D+567] <b>하늘</b>광인의 하루 어떤데,https://blog.naver.com/kimsudin233/223167640965,제주도 살기좋아요?
350,붉은 일출(불타는 <b>하늘</b>),https://blog.naver.com/rmawn429/223138439290,여행과 사진이야기
351,#용인 호암미술관 전시_ 한 점 <b>하늘</b> 김환기 회고전 관람(온라인... ,https://blog.naver.com/euirime/223156606096,Have a kiho’ day.
352,"멋진 <b>하늘</b>, 커피한잔 그리고 힐링",https://blog.naver.com/chorongangel/223165837204,권주부
353,"포천 한탄강 <b>하늘</b>다리, 포천여행 당일치기 코스로 좋아요",https://blog.naver.com/wemakeprice112/223171326194,노는게 제일 좋수달
354,[시집 추천/스타북스] 윤동주 전 시집 <b>하늘</b>과 바람과 별과 시... ,https://blog.naver.com/saessak77/223151235933,책 읽는 토실이
355,개포<b>하늘</b>꿈도서관,https://blog.naver.com/kyl0616/223160034522,나에게 일어난 모든 것
356,가평 글램핑 <b>하늘</b>숲 글램핑 카바나LX 서울근교 자연 속에서... ,https://blog.naver.com/from____ming/223133833808,밍짱이와 산에 가요ᰔ
357,<b>하늘</b>공원 &apos;포화&apos; 임박..제2 추모의집 지연,https://blog.naver.com/ubcnews/223148360826,울산의 대표방송 &apos;ubc 울산방송&apos;
358,[NIE 탐구생활] 국립생태원 마스코트 <b>하늘</b>다람쥐! <b>하늘</b>다람쥐... ,https://blog.naver.com/nie_korea/223156332845,국립생태원 블로그
359,[8월의 군포] &quot;붉게 물든 군포의 <b>하늘</b>&quot; 캘린더 배경화면... ,https://blog.naver.com/o2gunpo/223168486503,군포시 공식 블로그입니다.
360,"매봉~망경대~옛골](무더위와 맞선 <b>하늘</b>과 바람 그리고~ &apos;23,7/19)",https://blog.naver.com/songpajang6258/223164998466,A story told by nature
361,메뚜기떼같은 <b>하늘</b> - 카라코람 1일차,https://blog.naver.com/kimyto/223168980090,<왕초일기> 윤태옥의 인문기행
362,파리 라파예트 백화점 전망대에서 예쁜 구름 많은 <b>하늘</b> 구경,https://blog.naver.com/cshmailbox/223155212318,Object and Place
363,<b>하늘</b>공원 메타세과이어길과 모감주나무길 그리고 한강... ,https://blog.naver.com/llim34/223146020731,산등성의 블로그
364,2023년 7월 26일의 <b>하늘</b>,https://blog.naver.com/leesk326/223167130284,It&apos;s been sunny since I was born.
365,<b>하늘</b>에서 온 양식은 땅의 필요를 채워줄 수 없다 - 박금희,https://blog.naver.com/vegetable33/223164587338,"오후 세 시, 잠시 쉬었다 가자..."
366,극장판 도라에몽 진구와 <b>하늘</b>의 유토피아 정보 특전 일본... ,https://blog.naver.com/luckymasiwoo/223150371326,마시우가 영화 본다
367,[제주<b>하늘</b>무지개]제주도여행/반려견동반여행,https://blog.naver.com/jbins1998/223165448279,색종이이야기
368,화창한 신천대로 <b>하늘</b> 구경중.,https://blog.naver.com/tobi4788/223137288971,타이어데이즈 대구 휠&타이어전문
369,2023 여름네일아트 너의 이름은 여름<b>하늘</b> 시럽네일 by.... ,https://blog.naver.com/ryuel5/223150697565,내모습의 재발견
370,"커피브론즈 스톡드와 <b>하늘</b> 구름, 고기리막국수, 에이투비와... ",https://blog.naver.com/eddiepjam/223151982208,나는 책이다
371,188.경북봉화청량산(입석주차장~청량사~<b>하늘</b>다리~청량산정상... ,https://blog.naver.com/kha5328/223170232777,크하의 하루
372,비온뒤 맑은 <b>하늘</b>과 시원한바람,https://blog.naver.com/lovejungcy/223135794469,"동건짱의 운동,사진의 취미생활"
373,영화예매권 드려요 &lt;극장판 도라에몽: 진구와 <b>하늘</b>의 유토피아&gt;,https://blog.naver.com/bluyuna/223135893063,어쩜조아
374,"횡성 신대계곡, <b>하늘</b>아래첫집, 힐링피서를 보내며",https://blog.naver.com/bigtiger001/223168167647,60tory
375,영종도 인천공항 <b>하늘</b>정원 유채꽃축제,https://blog.naver.com/blue0112/223137770128,It&apos;s my nature
376,노란 유채꽃 사이 <b>하늘</b><b>하늘</b> 코스모스를 즐겨보세요!,https://blog.naver.com/gyeyang_gu/223142006049,계양구청 공식 블로그
377,"진짜바로알자 성경과 신천지, <b>하늘</b>의 천국과 땅의 천국",https://blog.naver.com/goodseed811/223151038734,빛과 소금.... 너희는 세상의 빛과 소금이라
378,요즘 <b>하늘</b> 모습 뭉게구름 예쁘네요^^,https://blog.naver.com/thduskr/223167987512,기록
379,경남 합천 펜션 숙소 수영장 뷰가 좋고 깨끗했던 독채펜션 <b>하늘</b>... ,https://blog.naver.com/a4ss4/223148666623,깨비두두리 핸드메이드
380,벤치에 누워 <b>하늘</b>을 보자,https://blog.naver.com/aboutsorasday/223139254486,이음제작소
381,<b>하늘</b>예쁜날 베이킹이야기,https://blog.naver.com/rkdlqdksgody/223136317162,♡ 어쩜좋아~ *^^* 너~무좋아 ♥
382,[7월 28일 부다페스트 날씨]<b>하늘</b>이 아름다운 부다페스트,https://blog.naver.com/goodmomsoon/223169567931,BUZAHOUSE
383,그림일기 282. 여름 <b>하늘</b>,https://blog.naver.com/sonok444/223166949409,엄마쟁이들과의 소중한일상
384,수면다이어트 GRN <b>하늘</b>이로 도전해봤어요,https://blog.naver.com/haha1126gk/223142098103,아리푸의 핑크빛뜰
385,[초록과 <b>하늘</b>사이] 시흥저수지카페/방산동 카페/캠핑 컨셉 카페,https://blog.naver.com/kim3123156/223171132369,김옌이 사는 법
386,연인들 데이트코스로 딱 좋아~  「대동<b>하늘</b>공원」에서 사랑을... ,https://blog.naver.com/djdonggu/223148491848,대전광역시 동구
387,및 특강·‘도서관서 놀아유(YOU): <b>하늘</b>과 바다’ 운영,https://blog.naver.com/fastcheonan/223151972215,새로운 천안 행복한 시민
388,영종도 <b>하늘</b>도시 맛집 뜨끈뜨끈 추어탕 먹어줬죠,https://blog.naver.com/iytotoro95/223168841920,맛땅콩 꿀땅콩
389,"광복 롯데백화점 카페| 노아스로스팅, 13층 전망대 <b>하늘</b>정원... ",https://blog.naver.com/hunikke/223170559016,"첼 ,"
390,23-26. 06/19~06/25 | 음식과 <b>하늘</b>만 존재하는 일기,https://blog.naver.com/mihye0310/223138767915,몌리어리
391,<b>하늘</b>나는 피카츄 프로젝트 인 제주.2023.스탬프투어.... ,https://blog.naver.com/tkfkd72/223168111931,슬제탐 (슬기로운 제주탐구생활)
392,스페이스X <b>하늘</b>을 나는 자동차,https://blog.naver.com/choiseou/223146445439,LALASEOU
393,비발디파크 맛집 <b>하늘</b>꽃담 추천해요,https://blog.naver.com/phs_2633/223171156896,"카메라를 든 여행,맛집 기행"
394,뿌연 <b>하늘</b> 뿌연 머릿속,https://blog.naver.com/hotaru11/223147879268,말해봐 들어줄께
395,인천 영종도 중산동 <b>하늘</b>도시 흑돼지 고기 맛집 내돈내산... ,https://blog.naver.com/mintchoco1024/223170075979,민뜨초코의 평범한 하루이야기
396,"[제주렌탈하우스 서쪽<b>하늘</b>_독채펜션, 휴식펜션, 복층펜션]",https://blog.naver.com/yokimo2/223157864783,Jeju Rental house & Cafe 서쪽하늘
397,"샛뷰 핫샛-1, <b>하늘</b> 위에서 에너지 효율이 낮은 건물을 찾아낼... ",https://its.tistory.com/2473932,NEOEARLY* by 라디오키즈
398,깨순이 제라늄과 파란 <b>하늘</b>,https://blog.naver.com/ksrmg2002/223136491406,쉼터 - 소박한 나의 삶
399,자꾸만 <b>하늘</b>을 보게 합니다,https://blog.naver.com/saenal0153/223169319626,오늘도 좋은 날! 잘된 날! 복된 날!(Good days!)
400,쪽빛<b>하늘</b>캠핑장 카라반 2박 3일 다녀왔습니다,https://blog.naver.com/friedman97/223170122341,연진정빈이네행복캠
401,집밥_절약_일상_일기(23.07.27) 가끔 <b>하늘</b>도 보며 살자.,https://blog.naver.com/gomisa1527/223169279335,물 흐르듯. 그런날들.
402,"부산 당일치기 영도 <b>하늘</b> 전망대, 스노쿨링 물놀이 명소 (주차... ",https://blog.naver.com/hansumi101010/223170887215,노는게 좋은 비어log
403,"<b>하늘</b>의 인연 등장인물 줄거리 74회, 전혜연 김유석 집에 눌러... ",https://blog.naver.com/gktkrk/223168768598,하사가의 무용지용
404,경주 한옥펜션 <b>하늘</b>터밭에서 촌캉스 즐기기,https://blog.naver.com/leemkr4241/223171587374,호박달곰이네 책육아
405,퇴근박 가능한 양주<b>하늘</b>캠핑장 시티뷰 멋있다,https://blog.naver.com/bsbs96/223135649712,소중한가치
406,<b>하늘</b>의 기운이 모이는 땅 아인스홈 14차 &apos;두미리 꽃사슴&apos;,https://blog.naver.com/einshill75/223170436433,아인스홈
407,아이폰 배경화면 무료 나눔 | <b>하늘</b> 구름 감성 캘리그라피 ☁️,https://blog.naver.com/indigoblue12/223145828886,혜성 글씨공방
408,용인 호암미술관 한 점 <b>하늘</b> 김환기 전시회 ( 사전예약 필수),https://blog.naver.com/planto7/223170288019,채움화분 공식블로그
409,송도갈비맛집 <b>하늘</b>면옥 가족모임으로 좋은!,https://blog.naver.com/leeby1000000/223168825742,오늘은 뭐하지:)?
410,"비밀의 여자 76회 줄거리, 오세린 <b>하늘</b>이 납치하다",https://blog.naver.com/gktkrk/223141400701,하사가의 무용지용
411,부산  스노쿨링 명소 영도 <b>하늘</b>전망대 스팟,https://blog.naver.com/ec98zz/223170234722,지루한 삶에 여행+
412,오랜만에 <b>하늘</b>이 예쁘다,https://blog.naver.com/myhearttj/223166066273,I&apos;m here !
413,<b>하늘</b>도시 골프레슨 파라다이스 골프존 함께 알아보는 필드... ,https://blog.naver.com/paradisegolf/223170034726,파라다이스골프존아카데미GDR+
414,감사일기 88일차. 깨끗한 <b>하늘</b>,https://blog.naver.com/funky21412/223168266192,Day Artist 이음이의 사색정원
415,용인 호암미술관 한 점 <b>하늘</b> 김환기 전시. 사전 예약 필수!,https://blog.naver.com/skdud_vv/223151436122,월급노잼 패션블로그
416,일상툰 : <b>하늘</b>나라?,https://blog.naver.com/goollu/223144845953,삼형제엄마ෆ엔쮸
417,<b>하늘</b>을 나는 자동차 FAA 인증(ft. UAM 대중화 시작인가),https://blog.naver.com/hj6149/223146602093,Money_Maverick
418,[기회기자단] 파란 <b>하늘</b>에 구름이 동동 뜬 날 의왕 왕송연꽃습지... ,https://blog.naver.com/gyeonggi_gov/223167655380,경기도 공식 블로그
419,"(영상) 3월 12일 자정, 갑자기 눈 내리다 그침, 눈 내리는 <b>하늘</b>... ",https://blog.naver.com/fendee/223155349824,Guitar Blossom
420,<b>하늘</b>의인연74회 75회 예고,https://blog.naver.com/yesbi/223168778560,쉿 ! 나만 있어
421,『비법 <b>하늘</b>을 나는 법』(전민걸 지음│한림출판사),https://blog.naver.com/khhan21/223150095197,한국출판마케팅연구소
422,진천 초롱길 ~ <b>하늘</b>다리 ~ 메타세쿼이아 길 걷고 힐링해요,https://blog.naver.com/jincheongun/223142910859,생거진천 STORY
423,도라에몽 극장판 진구와 <b>하늘</b>의 유토피아 한국 개봉일 7월 8일... ,https://blog.naver.com/ptj0969/223127138314,에레키맨의 무겐 블로그
424,대구 팔공산 등산코스 <b>하늘</b>정원 비로봉 코스 팔공산 가볼만한곳,https://blog.naver.com/ka8564/223157515474,매일소풍
425,논과 구름과 바람과 곳곳의 멋진 <b>하늘</b> 뷰 멋진 날,https://blog.naver.com/eagleforce/223166813458,그루터기
426,<b>하늘</b>로 떠난 여행,https://blog.naver.com/lee18295/223162121656,변치않는 보랏빛 그리움
427,(영종도)영종<b>하늘</b>도시 골프레슨 프렌즈골프아카데미 골린이... ,https://blog.naver.com/wjdxodnjs78/223153499742,볼빨간 다육이
428,<b>하늘</b> 좋은 날 - 소래공원,https://blog.naver.com/myunghashin/223136142625,My Photo Essay
429,"[ 동네 한 바퀴 ] 아침산책, 흐린<b>하늘</b>.",https://blog.naver.com/smfchfhr/223166271494,오늘 행복하기♡
430,"[펌] 차인표 부친상, <b>하늘</b>나라 큰 위로가 함께 하옵소서",https://blog.naver.com/an2001/223155031663,☎02-703-9800
431,#2865 나는 누구인가? - 至公無私(지공 무사)한 <b>하늘</b>,https://blog.naver.com/nerumi79/223169754353,부녀문답 - 나는 누구인가 (Who am I?)
432,비 그친 날의 <b>하늘</b>....,https://blog.naver.com/thepsycoangel/223163853680,thepsycoangel
433,"부부취미: 걷기, <b>하늘</b>공원",https://blog.naver.com/ddcabb/223134599754,날랭이랑 그들이랑
434,"하동가족펜션, 지리산<b>하늘</b>펜션에 정원 가꾸는 날 #페이지",https://blog.naver.com/shbae3521/223141734705,페이지의세상만사 체험여행
435,남추낙 <b>하늘</b>제도의 사당와 수정,https://blog.naver.com/honey_deer_/223171368186,꿀사슴의 놀이터
436,수면다이어트 GRN<b>하늘</b>이 내돈내산 후기!,https://blog.naver.com/leesoohyun87/223170765037,우다다담
437,강릉 여행 아이들과 체험활동 - 아라나비와 바다<b>하늘</b>자전거,https://blog.naver.com/980207/223168245592,책읽는 쇼호스트 혜이니
438,(동영상) <b>하늘</b>매발톱(산매발톱) 관찰 (4월 16일~25일),https://blog.naver.com/fendee/223148089133,Guitar Blossom
439,"대기오염 예방관리 10년, ‘파란 <b>하늘</b>’도 찾고 건강도 개선",https://blog.naver.com/touchchina/223148380982,월간 중국
440,퇴근길 갤 23 속초 보름달 속초 밤 <b>하늘</b>,https://blog.naver.com/cosmoporitan/223171574201,앙부장 블로그
441,인천 97도씨 샤브칼국수 영종<b>하늘</b>도시 맛집,https://blog.naver.com/bellaluna_/223167125206,아이랑 벨라루나
442,[열매마.<b>하늘</b>마] <b>하늘</b>마 효능 알아볼까요!,https://blog.naver.com/cash3128/223171257335,"빛소리한울타리농원 ""귀농라이프"""
443,극장판 도라에몽 진구와 <b>하늘</b>의 유토피아 7월 8일 개봉,https://blog.naver.com/ani_movie/223147996417,씹오덕후
444,홍천 비발디파크 곤돌라 타고 <b>하늘</b>양떼목장,https://blog.naver.com/p0899/223120421655,놀러가지령_새벽형가족여행기
445,곳- 청풍호반 케이블카 물태리역➡️비봉산역. 비봉<b>하늘</b>전망대,https://blog.naver.com/ladyran1/223171109449,그리움의 간격
446,전남 무안 여름 휴양지 <b>하늘</b>별바다펜션,https://blog.naver.com/3spension/223135113048,무안/목포여행 무안펜션 [하늘별바다펜션]
447,체크인 챌린지 다섯 번째. <b>하늘</b>은 우릴 향해 열려있어.,https://blog.naver.com/jeongseo92/223168991432,ENFJ 바꾸덩또의 방방곡곡 맛집&여행일기
448,영종도맛집] 말복 전에 꼭 가야할 영종도백숙 #<b>하늘</b>가든,https://blog.naver.com/kkokko-j/223168094137,"꼬꼬J""의 일일스토리"
449,"[저녁에...] 범섬이 있는 풍경, 비 온 후 맑게 갠 날, <b>하늘</b>과 바다",https://blog.naver.com/toziwa/223148696462,숨... 그리고 쉼
450,"[갤러리탐방] 호암미술관/한 점 <b>하늘</b>, 김환기 전시를 다녀와서",https://blog.naver.com/gseee0423/223160147297,마스터글로리 미술학원
451,230726 <b>하늘</b>,https://blog.naver.com/kmj930/223166435792,육아공부 함께해요
452,"용인 호암미술관 / 한 점 <b>하늘</b>, 김환기 전시",https://blog.naver.com/krworker/223144260028,함므의 거침없는 월급 탕진
453,아빠를 <b>하늘</b>나라 보낸지 한달이 지나고 여전한 일상-,https://blog.naver.com/woozzi626/223163412032,woozzi_ing
454,EN답사 _ <b>하늘</b>숲초등학교 2,https://blog.naver.com/enarchi01/223162216504,주.이엔건축사사무소
455,나도시작했어 김유연다이어트 GRN<b>하늘</b>이,https://blog.naver.com/b1758/223135952653,푸딩댁
456,"<b>하늘</b>자전거와 카트체험, 그리고 오토캠핑장에서의 낭만캠핑!... ",https://blog.naver.com/gbnadri/223127637648,가장 자연스러워지는 여행::경북나드리 공식 블로그
457,비가 지나간 저녁 <b>하늘</b>,https://blog.naver.com/yeajicfjc/223161314580,예지씨의 패션 취업 코칭
458,#여름날_가을_<b>하늘</b>_구름_보기,https://blog.naver.com/oldandwise2022/223167973452,일상의 생각을 현명하게
459,어디가 <b>하늘</b>이고 어디가 바다 일까요?,https://blog.naver.com/ssoofeel/223164120540,ssoofeel님의 블로그
460,형제 9회-강산이 형 <b>하늘</b> 시체 발견? 그 뒤에 숨겨진 <b>하늘</b> 이야기,https://dramastory2.tistory.com/7272,자이미의 베드스토리 J&apos;s BEDStory
461,Neeun (니은) - <b>하늘</b>의 별 (MV),https://blog.naver.com/backtothe80s-/223168190292,Back To The 80s
462,<b>하늘</b>계단을 오르는 강릉 오션뷰카페_˚곳;˚,https://blog.naver.com/it_is_flower/223151171549,:: 자애로운 ::
463,남도한바퀴 파란<b>하늘</b> 아래 구례 지리산자락 여행,https://blog.naver.com/sswlim/223142425178,구례를 읽어주는 남자
464,<b>하늘</b>을나는그림책 에듀센터 창업 상담 오픈,https://blog.naver.com/picturebook_dual/223139938763,하늘을나는그림책
465,영종도 <b>하늘</b>도시 꽃 그리고 책 재능나눔 따뜻한 소모임 찐멤버... ,https://blog.naver.com/alwjd811/223156614610,꽃길에디터 마음꽃 봄꽃쌤
466,<b>하늘</b>을 품은 땅 :: 지상에서 가장 안전한 곳,https://larinari.tistory.com/3373,지상에서 가장 안전한 곳 :: 지상에서 가장 안전한 곳
467,엎질러진 우유 같은지 아니면 <b>하늘</b> 위 구름 같은지,https://blog.naver.com/brstyle/223171182945,다정한 살림
468,영종 <b>하늘</b>도시 탕후루 새로 오픈한 황제탕후루 먹어 봄,https://blog.naver.com/kmychr92/223168320127,구름위를 둥둥 ღ&apos;ᴗ&apos;ღ
469,중국냉면 파는 <b>하늘</b>도시 양꼬치 맛집 램프로,https://blog.naver.com/jiyoung629/223166977524,나의 소소한 일상 기록 공간♥
470,장기 기증 후 <b>하늘</b>나라로 마지막 길 친구 20여 명 눈물의 배웅,https://blog.naver.com/cooljason92/223154898879,린스패밀리
471,강릉 곳 카페 <b>하늘</b>계단 포토존 강릉 바다뷰 카페 추천,https://blog.naver.com/travelgeo/223149826978,여행의 기술
472,[영종도 맛집]구읍뱃터 오션뷰 데이트 맛집 <b>하늘</b>샤브... ,https://blog.naver.com/3443699/223147114076,어느 직장인의 소소한 일상
473,(76) 맑은 <b>하늘</b> 사진 예쁜 구름 보고 가세요 (+ 양배추 참치 덮밥),https://blog.naver.com/fdg4695/223171460352,떠나는 일상 해와별
474,"임신 39주차 | 분만방법 결정, 무증상 <b>하늘</b>보는 아기 유도분만... ",https://blog.naver.com/kumoforest/223170075292,구름숲
475,(대구 장기동 <b>하늘</b>정원유치원) Pajama party,https://blog.naver.com/skyparks9/223142491963,하늘정원유치원
476,"여름에 내가 좋아하는 것. 분홍색 <b>하늘</b>, 가지냉국",https://blog.naver.com/goyo812/223171279469,나 컨설팅
477,풀뽑고 <b>하늘</b>보고 커피마시기,https://blog.naver.com/ryund0547/223160339672,지메골된장과바느질
478,"문경 <b>하늘</b>, 그리고 감성에 빠지는 캘리그라피 기업 강의",https://blog.naver.com/letter001/223139276350,일상을디자인하다 디자인한스푼 일러스트
479,<b>하늘</b>을 바라 보면서,https://blog.naver.com/pvcwpc/223155459085,JAY의 35mm로 보는 세상
480,캐나다 윈저: 어제보다 맑아진 <b>하늘</b>,https://blog.naver.com/peripanu/223160396616,책먹는 필기공주
481,젤다의 전설 : 왕국의 눈물 2. 시작의 <b>하늘</b>섬,https://blog.naver.com/fnsk7500/223167846355,HOLLY HOLIC | 홀리의 게임세상
482,<b>하늘</b>이 이상해요,https://blog.naver.com/ly_dsn/223170074065,르하임스터디카페 동탄솔빛나루점
483,제주키즈펜션! 공항과 애월 근처의 가성비 좋은 <b>하늘</b>키즈펜션,https://blog.naver.com/m0m02598/223167980684,"건강한 육아라이프, 모뉴리"
484,<b>하늘</b>나라에 가면,https://blog.naver.com/docedeleite/223170290611,꿈을 찾아 배움을 배우고 나누는 꿈블리 줄리아
485,보성 오봉산 :: <b>하늘</b>아래거닐다,https://jeon6915.tistory.com/2921,하늘아래거닐다 :: 하늘아래거닐다
486,커다란 열기구는 어떻게 <b>하늘</b>을 날 수 있을까?,https://blog.naver.com/sciport2016/223141213677,국립부산과학관
487,"한 주간 제주 <b>하늘</b>, 구름 사진️",https://blog.naver.com/ddomin-/223168602359,제주 김작가의 &apos;인생은 여행&apos;
488,"<b>하늘</b>의 인연 등장인물 줄거리 72회, 전혜연 이제 더 이상... ",https://blog.naver.com/gktkrk/223166869356,하사가의 무용지용
489,외식하기 좋은 송도갈비맛집 <b>하늘</b>면옥,https://blog.naver.com/schfff1/223166450451,신구의 독서공간
490,광안리에서 생일파티 하기 좋은 수변공원 횟집 &apos;<b>하늘</b> 횟집&apos;,https://blog.naver.com/zero11006/223169984409,미도루의 일기
491,"<b>하늘</b>과 와인, 그리고 자유",https://blog.naver.com/cybele413/223163531834,동현재(東賢齋)
492,"한여름제주, 파란<b>하늘</b>, 무지개, 천둥, 번개를 맛본 도리빨... ",https://blog.naver.com/ms_salalove/223167751952,제주 게스트하우스 루시드봉봉
493,남해 출장에서 돌아오는 길에 본 <b>하늘</b> 변천사,https://blog.naver.com/yeah-p/223166978057,YEJIN.US
494,강릉 가볼만한 곳 대관령 <b>하늘</b>목장,https://blog.naver.com/wnlehfl91/223134333176,잠실동다람쥐
495,대관령 <b>하늘</b>목장 트랙터 타기,https://blog.naver.com/lee18295/223132073737,변치않는 보랏빛 그리움
496,"<b>하늘</b> 바다 LP (장재환, 김영태)",https://blog.naver.com/seagulls05/223139124877,바람이 불어오는 곳
497,인천 영종도 맛집 <b>하늘</b>샤브 편백찜,https://blog.naver.com/imminjing/223135691398,밍로그
498,<b>하늘</b>에 구름이 예뻤던 날,https://blog.naver.com/foxbear2212/223137093520,삶은 여행
499,230718-230721 <b>하늘</b>과 바람과 별과 인간 ★★★★,https://blog.naver.com/lsb924/223163204429,Happy Bin ♡
