,title,data,writer,content,section
0,"文 “단 한 건도 금품 부정비리 없었던 청와대, 고마워”",2023.07.31. 오전 4:32,권남영 기자,"퇴임일이었던 지난해 5월 9일 문재인 대통령과 부인 김정숙 여사가 청와대 본관을 걸어 나오며 시민들을 향해 인사하고 있다. 뉴시스문재인 전 대통령이 재임시절을 돌아보며 “단 한 건도 금품과 관련된 부정비리가 없었던 당시 청와대 사람들에게 고마운 마음을 전하고 싶다”고 밝혔다.문 전 대통령은 30일 페이스북에 윤재관 전 청와대 국정홍보비서관의 저서 ‘나의 청와대 일기’를 소개하며 이같이 말했다. 그는 “나로서는 무척 반갑고 고마운 책”이라고 했다.문 전 대통령은 “윤 전 비서관은 대통령 임기 시작부터 끝까지 5년 내내 청와대에서 함께 고생한 동료”라며 “그의 이야기이지만 우리의 이야기이고 나의 이야기이기도 하다”고 설명했다.윤재관 전 청와대 국정홍보비서관. 뉴시스이어 “청와대는 가장 높은 직업의식과 직업윤리가 필요한 직장”이라며 “일의 목표도, 일의 방식도 늘 새로워져야 하는 곳”이라고 했다.그러면서 “일이 많고, 긴장되고, 고달프지만 오로지 보람으로만 보상받아야 하는 직장”이라며 “그리고 그 보람의 기준은 자기 자신이 아니라 국민에게 두어야 한다”고 덧붙였다.윤 전 비서관은 2017년 대선 개표일부터 문 전 대통령이 퇴임하는 날까지 청와대 1826일을 대통령을 가까운 거리에서 보좌한 인물이다. ‘나의 청와대 일기’에는 청와대 사람들의 일상, 문 전 대통령의 인간적인 면, 2018년 남북정상회담 과정 등 생생한 이야기가 담겼다.",정치
1,美 별장서 모이는 한미일…북중러 밀착에 협력 수위 높이나,2023.07.30. 오후 4:19,오형주 기자,"미국 백악관, 캠프데이비드서8월 18일 한미일 정상회의 발표G7 정상회의 참관국 자격으로 일본을 방문 중인 윤석열 대통령이 5월 21일 히로시마 G7 정상회의장인 그랜드프린스호텔에서 열린 한미일 정상회담에 앞서 조 바이든 미국 대통령, 기시다 후미오 일본 총리와 환담하고 있다. 연합뉴스 윤석열 대통령과 조 바이든 미국 대통령, 기시다 후미오 일본 총리가 다음달 18일 미국 워싱턴DC 인근 대통령 별장인 캠프 데이비드에서 정상회의를 한다. 북한과 중국, 러시아의 밀착 행보에 맞서 한·미·일 3국의 안보·경제 협력 수준도 한층 높아질 것이란 전망이 나온다.미국 백악관은 지난 28일(현지시간) 성명을 통해 캠프 데이비드에서 한·미·일 3국 정상회의가 개최된다고 공식 발표했다.카린 장피에르 백악관 대변인은 “3국 정상은 북한이 야기하는 지속적인 위협에 대한 대응과 동남아국가연합(ASEAN) 및 태평양 도서국과의 관계 강화 등 인도·태평양 지역 안팎으로 3국 간 협력을 확대하는 방안을 논의할 것”이라고 설명했다.한·미·일 3국이 다자회의 개최와 관계없이 별도로 정상회의를 여는 것은 이번이 처음이다. 1994년 첫 회의 이후 그동안 3국 정상의 12번 만남은 모두 다자회의 참석을 계기로 열렸다. 한국 대통령의 캠프 데이비드 방문은 2008년 4월 이명박 전 대통령 이후 역대 두 번째다.바이든 대통령은 같은 날 주요 외교 성과 중 하나로 한·일 관계 개선을 꼽으면서 “나는 캠프 데이비드에 일본과 한국 정상을 데리고 갈 것”이라고 했다. 이어 “그들은 2차 대전으로부터 화해를 했다”며 “그것은 근본적인 변화”라고 강조했다.북한 김정은 노동당 총비서가 27일 '전승절'(한국전쟁 정전협정체결일) 70주년을 계기로 방북한 세르게이 쇼이구 러시아 국방장관을 당 중앙위원회 본부청사로 초청해 담화를 나누고 오찬을 함께했다고 당 기관지 노동신문이 28일 보도했다. 신문은 김 총비서와 쇼이구 장관이 ""두 나라 사이 호상 관심사로 되는 중요 문제들에 대하여 허심탄회하게 논의하였다""라고 전했다. 뉴스1외교가에서는 한·미·일 3국 정상 만남이 지난 27일 6·25 전쟁 정전협정 기념일을 기점으로 북·중·러 3국의 밀착이 가시화된 가운데 열린다는 점에 주목하고 있다.이도운 대통령실 대변인은 “핵심 가치를 공유하는 3국 간 협력을 새로운 수준으로 발전시킬 수 있는 중요한 전기”라며 “북한의 핵·미사일 위협에 대한 공조를 비롯하여, 경제안보, 주요 지역 및 글로벌 문제와 관련한 협력 방안에 관해 심도있게 협의할 예정”이라고 했다.대통령실에 따르면 이번 회의는 정상 간 격의 없고 친밀한 대화를 유도하기 위해 별도의 형식이나 주제가 없는 ‘리트리트(비공식 자유토론)’ 방식으로 진행된다.우선 북한의 군사적 위협에 맞서 한·미·일 3국이 미사일 관련 실시간 정보공유를 진전시키고, 미사일 방어나 대잠수함 훈련 등 3국 훈련을 확대·정례화하는 방안 등이 논의될 전망이다.중국과 러시아의 거부로 유엔 안전보장이사회 차원의 대북 제재가 사실상 마비된 것과 관련해 제재 조치 이행을 강화하는 방안도 다뤄진다. 한·미 간 확장억제 협의체인 핵협의그룹(NCG)에 일본이 추가로 참여할지 여부도 눈길을 끈다.한·미·일 3국이 이미 지난해 11월 회의에서 중국의 경제 보복에 맞서기로 결의한 만큼 반도체와 핵심 광물 등 공급망 강화도 논의될 것으로 예상된다.윤석열 대통령이 지난해 9월 미국 뉴욕, 올해 6월 파리에서 강조한 인공지능(AI) 등 디지털 기술 관련 글로벌 차원의 규범 마련이 의제로 다뤄질 수 있다는 전망도 나온다.",정치
2,"‘개봉영화‘ 공짜로 보는 이곳, 없어질까…당정, 누누티비 등 불법 스트리밍 방지대책 논의",2023.07.31. 오전 6:19,임대환 기자,"연합뉴스  당정, K-콘텐츠 불법유통 ‘누누티비’ 방지대책 논의해외 공조 등 불법 유통 차단 대책 마련정부·여당이 ‘K-콘텐츠’ 불법 유통을 막기 위해 범정부적인 대응방안을 마련할 방침이다.국민의힘과 정부는 31일 국회에서 당정협의회를 열고, K-콘텐츠 불법 유통 근절을 위한 부처별 협력 방안과 입법 지원 방향 등을 논의한다고 밝혔다. 국내 온라인 동영상 서비스(OTT) 콘텐츠를 불법으로 스트리밍하는 ‘누누티비’와 같은 불법 사이트를 해외 공조 등을 통해 차단하기 위해서다.박대출 국민의힘 정책위 의장과 이만희 정책위 수석부의장, 이태규 정책위 부의장 겸 국회 교육위원회 간사, 이용호 문화체육관광위원회 간사 등이 당에서 참석한다. 정부 참석인사로는 박보균 문화체육관광부 장관과 전병극 문체부 1차관을 비롯해 법무부·경찰청·방송통신위원회 등 관계부처 실·국장들이 참석할 예정이다. 민간 콘텐츠 플랫폼 대표와 청년 창작자 등도 자리를 함께한다.문체부는 지난 3월 말 불법 콘텐츠 근절을 위한 범정부 차원의 대책을 마련하라는 윤석열 대통령의 지시로 K-콘텐츠 불법 유통 근절을 위한 관계부처 협의체를 발족하고 관련 논의를 진행해왔다.그러나 누누티비로 대표되는 불법 스트리밍은 좀처럼 사라지지 않고 있다. 누누티비는 스트리밍이 차단되자 최근 ‘티비몬’이라는 또 다른 이름의 불법 스트리밍 사이트를 개설했다가 또다시 차단당하기도 했다. 이 사이트에서는 당시 개봉 영화였던 ‘범죄도시3’을 비롯해 디즈니 오리지널 시리즈인 ‘형사록’, 쿠팡플레이 드라마인 ‘아씨두리안’ 등 최신 작품들이 불법으로 올라왔다.과학기술정보통신부가 국내 OTT 업계 및 인터넷서비스사업자(ISP), 한국전파진흥협회(RAPA) 등과 함께 접속 경로(URL)를 여러 차례 차단해 누누티비 시즌2가 서비스 종료를 선언하는 등 성과도 있었지만, 유사한 사이트들의 등장이 끊이지 않고 있다.",정치
3,"민주당 ""쌍방울-친윤 법조 카르텔"" 비난…수사 검사 4명 실명 공개",2023.07.30. 오후 6:02,소환욱 기자,"김성태 전 쌍방울 회장 (사진=연합뉴스)민주당은 오늘(30일) 김성태 전 쌍방울 회장 관련 '봐주기 기소' 의혹을 제기하며 사건을 수사 중인 검사들의 실명을 공개했습니다.또 쌍방울그룹 전·현직 사외이사 일부를 '친윤석열' 인사라고 주장하면서 '쌍방울-친윤 법조 카르텔'이 김 전 회장 봐주기 기소의 또 다른 배경이 아니냐고도 했습니다.윤석열 대통령이 최근 일부 진보 진영이나 노동계 등을 겨냥해 자주 사용하는 '카르텔'이라는 단어를 끌어와 대여(對與) 공세 소재로 삼은 것으로 읽힙니다.당 검찰독재정치탄압대책위원회는 오늘 입장문을 내고 ""김성태 전 회장에 대한 공소장을 분석한 결과 검찰이 국가보안법, 특정경제범죄가중처벌법 위반 혐의는 물론 주가 조작 혐의에 대해서도 봐주기로 일관하고 있다는 것이 드러났다""고 주장했습니다.위원회는 ""검찰은 공소장에서 쌍방울, 나노스, 광림의 전환사채 발행 관련하여 사기적 부정 거래가 있었다며 김 전 회장을 자본시장법 178조 위반 혐의로 기소했지만 김 전 회장이 반복적인 주가 조작 행위로 이득을 보았다는 의혹에도 시세 조종 혐의에 대해선 기소하지 않았다""고 지적했습니다.위원회는 ""주가 조작 관련 일부 혐의는 누락해 기소한 이유가 무엇인가. 주가 조작 실체가 드러나면 쌍방울 비리 사건을 '경기도 대북사업비 대납'으로 둔갑시킬 수 없기 때문인가""라고 주장했습니다.검찰이 이재명 대표를 탄압하기 위해 김성태 전 회장을 상대로 회유와 봐주기 수사를 했다고 비판한 것입니다.이에 대해 한동훈 법무부 장관이 입장문을 내고 ""이화영 전 경기도 평화부지사를 압박하다가 안 될 거 같으니 이제는 김성태 씨 압박으로 타깃 변경이냐""고 반박하자, 민주당은 ""법무부 장관이 정치 공세 선봉장인가""라고 맞받았습니다.권칠승 수석대변인은 국회 브리핑을 열고 ""한 장관은 수사 개입을 당장 중단하라""며 이같이 밝혔습니다.당 검찰독재정치탄압대책위원회는 또 쌍방울그룹의 전·현직 사외이사 가운데 일부를 겨냥해 '친윤석열 사외이사'로 명명해 비판했습니다.위원회는 ""검찰의 봐주기 기소가 수상한 이유는 또 있다. '친윤석열' 전·현직 사외이사들 때문""이라며 ""'친윤' 검사들과의 카르텔에 의해 선택적 수사를 이어간다면 그 책임은 수원지검 수사 관련자들이 오롯이 지게 될 것""이라고 강조했습니다.그러면서 ""주가 조작도 봐주기 기소한 검찰, '쌍방울-친윤 법조 카르텔'의 위력인가""라고 비판했습니다.한편, 홍성국 원내대변인은 논평에서 오송 침수사고 감찰 결과에 대해 ""국무조정실이 오송 참사에 대한 책임으로 행복청장, 충북도 행정부지사, 청주흥덕서장, 청주시 부시장, 당시 충북소방본부장 직무대리 등 5명을 문책한다고 한다""면서 ""몸통은 살리고 꼬리만 자르고 도망가는, 전형적인 '도마뱀식' 해결 방식""이라고 비판했습니다.김병기 수석사무부총장도 오늘 국회에서 한 기자간담회에서 ""윤석열 정부는 꼬리 자르기를 위해 윗선 책임마저 실무자에게 떠넘긴 것""이라며 ""행정안전위원회를 열어 철저하게 진상 규명을 할 것""이라고 밝혔습니다.김 부총장은 또 ""오송 참사 관련 2명(이 장관·김영환 충북도지사)의 책임을 묻지 않을 수 없다""면서 ""먼저 이 장관은 국민의 안전을 위해서라도 사퇴해야 한다""고 주장했습니다.그러면서 ""이 장관이 설령 법적 책임이 없다고 해도 무능한 구경꾼 장관이 어떤 정치적 책임도 지지 않은 채로 국민 안전을 책임지겠는가""라고 했습니다.서울-양평고속도로 종점 변경 의혹과 관련해서도 조정식 사무총장은 간담회에서 ""국민의힘은 지금이라도 즉각 국정조사에 응할 것을 강력하게 촉구한다""면서 ""국정조사 요구서가 처리될 수 있게 국회의장께 앞으로 계속 강력하게 건의할 생각""이라고 말했습니다.",정치
4,尹지지율 0.7%p 오른 37.3%...국힘 36.3% 민주 44.3%[리얼미터],2023.07.31. 오전 9:01,맹성규 기자,"사진출처 = 리얼미터윤석열 대통령의 국정 수행에 대한 긍정 평가가 하락세를 멈추며 4주 만에 반등했다는 여론조사 결과가 31일 나왔다.리얼미터가 미디어트리뷴 의뢰로 지난 24일부터 28일까지 닷새간 전국 만 18세 이상 남녀 2517명을 대상으로 조사(표본오차 95% 신뢰수준에서 ±3.1%포인트 응답률 2.6%)한 결과, 윤 대통령의 국정 수행에 대한 긍정 평가는 전주보다 0.7%포인트 오른 37.3%로 나타났다.리얼미터 조사 기준 윤 대통령 지지율은 6월 셋째 주부터 상승해 6월 5주차에 42.0%까지 올랐지만 7월 첫째 주 들어 하락세로 전환했다. 지난주 조사까지 3주 연속 하락을 기록했다가 이번 조사에서 4주 만에 소폭 반등했다.긍정 평가는 인천·경기(4.2%포인트), 서울(2.3%포인트), 무직/은퇴/기타(5.9%포인트), 농림어업(5.4%포인트), 자영업(3.8%포인트) 등에서 상승했다.반면, 부정 평가는 대전·세종·충청(5.9%포인트), 대구·경북(5.8%포인트), 70대 이상(2.9%포인트), 보수층(2.6%포인트) 등에서 주로 올랐다.지난 27일부터 28일까지 이틀간 전국 만 18세 이상 남녀 1003명을 대상으로 조사한 정당 지지율은 국민의힘이 직전 조사(7월 10∼14일)보다 0.7%포인트 내린 36.3%, 더불어민주당은 0.1%포인트 오른 44.3%를 각각 기록했다.국민의힘 지지율은 서울(9.5%포인트), 광주·전라(7.8%포인트), 남성(4.5%포인트), 70대 이상(8.8%포인트), 50대(4.9%포인트), 30대(3.3%포인트) 등에서 하락했다.인천·경기(3.8%포인트), 대구·경북(4.0%포인트), 부산·울산·경남(5.6%포인트), 여성(3.0%포인트), 60대(4.7%포인트), 20대(4.8%p↑), 진보층(2.7%포인트) 등에서는 올랐다.민주당 지지율은 서울(7.6%포인트), 대전·세종·충청(3.1%포인트), 광주·전라(3.0%포인트), 50대(5.1%포인트), 30대(3.7%포인트), 중도층(5.3%포인트) 등에서 올랐다.반면 인천·경기(4.2%포인트), 대구·경북(8.8%포인트), 70대 이상(3.2%포인트), 20대(5.6%포인트), 보수층(2.6%포인트), 진보층(6.6%포인트) 등에서는 하락했다.정의당은 1.7%p 오른 3.6%로 나타났다. 무당층은 2.6%p 감소한 11.5%로 집계됐다.이번 조사는 무선(97%)·유선(3%) 방식으로 진행됐다. 자세한 사항은 중앙선거여론조사심의위원회 홈페이지를 참조하면 된다.",정치
6,"민주 ""쌍방울-친윤 카르텔"" vs 국힘 ""소도 웃을 물타기""",2023.07.30. 오후 10:01,김지은 기자,"민주당 ""검찰, 김성태 주가조작도 봐주기 기소…쌍방울-친윤 법조 카르텔""국민의힘 ""민주 '쌍방울-친윤 카르텔' 주장은 소도 웃을 물타기""김성태 쌍방울 전 회장. [인천공항=뉴시스] 공항사진기자단 = 해외 도피 중 태국에서 체포된 김성태 쌍방울 전 회장이 지난 1월 17일 인천국제공항을 통해 귀국하고 있다. 2023.01.17. photo@newsis.com[서울=뉴시스] 김지은 정윤아 기자 = 여야가 30일 대북송금 의혹을 받고 있는 쌍방울 그룹의 전·현직 사외이사가 친윤석열 인사로 구성된 점을 놓고 공방을 벌였다. 더불어민주당이 ""쌍방울-친윤 카르텔""이라고 주장하자, 국민의힘은 ""소도 웃을 물타기""라고 맞받았다. 민주당 검찰독재정치탄압대책위원회는 이날 낸 입장문에서 ""검찰이 김성태 전 쌍방울 회장에 대해 쓴 공소장을 분석해보면 국보법, 특경가법 위반 혐의는 물론 주가조작 혐의에 대해서도 봐주기로 일관하고 있다는 것이 드러났다""고 주장했다. 위원회는 ""김성태 전 회장이 반복적인 주가조작 행위로 이득을 보았다는 의혹이 있음에도 자본시장법 제176조 시세조종 혐의에 대해선 기소하지 않았다""며 ""쌍방울이 이스타항공과 쌍용차 인수전에 나서겠다고 밝혔다가 주가가 등락했고, 전환사채를 인수한 이들이 수십억 원의 차익을 봤다는 의혹이 있었으나 검찰은 수사도 기소도 하지 않았다""고 말했다. 이어 ""김 전 회장이 가중처벌을 받지 않도록 주가조작 관련 일부 혐의는 누락시키고 기소한 이유가 뭐냐""며 ""주가조작의 실체가 드러나면 쌍방울 기업 비리 사건을 '경기도 대북사업비 대납' 사건으로 둔갑시킬 수 없기 때문이냐""고 지적했다. 위원회는 ""검찰의 주가조작 봐주기 기소가 수상한 이유는 또 있다""며 ""쌍방울 그룹의 친윤석열 전·현직 사외이사들 때문""이라고 했다. 위원회는 ""쌍방울과 미래 산업 사외이사를 지낸 이남석 전 검사, 쌍방울 사외이사로 5년 넘게 재직한 양재식 전 특검보, 아이오케이의 사외이사로 근무했던 이건령 전 검사, 비비안 사외이사를 지낸 김영현 전 검사 등이 과거 '윤석열 사단'으로 꼽히는 전직 검사들""이라고 주장했다. 또 ""봐주기 기소의 배경에 불법·부당한 전관예우 등이 작용하지 않았는지 등에 대해서도 철저한 수사가 이뤄져야 한다""며 ""검찰이 봐주기 수사로 이재명 대표에 대한 거짓 진술을 이끌어내는 시도를 반복하거나 친윤 검사들과의 카르텔에 의해 선택적 수사를 이어간다면 조작 수사의 책임은 수원지검 수사 관련자들이 오롯이 지게 될 것""이라고 말했다. 하지만 국민의힘은 즉각 민주당의 비판에 ""소도 웃을 물타기""라고 반박했다.유상범 수석대변인은 이날 논평에서 ""쌍방울 불법 대북 송금 사건의 배후에 이재명 민주당 대표가 있다는 의혹이 커지자 민주당이 되지도 않는 물타기에 나섰다""며 ""민주당 검찰독재위원회가 검찰이 김성태 전 쌍방울 회장에 대해 봐주기식 수사를 하고 있다며 뜬금없이 '친윤-법조 카르텔' 운운했다""고 말했다.유 수석대변인은 ""지나가는 장삼이사에게 '쌍방울이 누구랑 관계있냐'고 물으면, 백이면 백 이재명이라 답할 지경인데 소도 웃을 물타기""라고 지적했다.이어 ""더 큰 문제는 현재 해당 사건을 수사 중인 검사들의 실명을 공개했다는 것""이라며 ""과거 식물 검찰을 만들기 위해 또 국민 편 가르기를 위해 그토록 사용했던 악질적인 좌표 찍기를 다시 가동했다""고 비판했다.유 수석대변인은 ""수사에 압력을 가하고 방해하려는 중차대한 사법방해행위이자 법치주의를 파괴하는 행위""라며 ""얼마나 지은 죄가 많길래 이런 짓까지 벌인단 말이냐""고 했다.그는 ""세상 어느 나라에서 제1야당이 발 벗고 나서 검사의 실명을 공개하며 수사 방해를 시도하느냐""며 ""김 전 회장이 사기적 부정거래로 기소돼 재판을 받고 있는데도 주가 조작에 대해선 왜 수사를 안 하냐는 대목에서는 헛웃음이 나올 지경""이라고 꼬집었다.유 수석대변인은 ""민주당의 논리대로라면 이 대표와 당시 경기도야말로 쌍방울 대북 테마주 띄우기에 참여한 주가조작 공범 아니냐""며 ""쌍방울 그룹의 사외이사에는 이재명 캠프 법률지원단장이었던 이태형, 경기도 고문 변호사 김인숙, 이재명 지키기 범대위 공동대표 장영달 등 친명 인사들이 대거 포진해 있다""고 말했다.그는 ""해당 내용을 쏙 빼놓고 거짓 선동에 나서니 민주당의 뻔뻔함이 참으로 가증스럽다""며 ""민주당이 이화영 회유 압박과 함께 물타기, 좌표 찍기, 거짓 선동 등을 총동원해 전방위적으로 발버둥 쳐도 결코 진실을 은폐할 수는 없다""고 주장했다.유 수석대변인은 ""무엇보다 오늘 민주당의 검사 실명 공개는 악질적이고 치졸한 '사법방해행위'로 역사에 기록될 것""이라고 했다．",정치
7,"김두관 ""이재명 대신 당대표? 사실무근…'당의 부름' 있어야""",2023.07.31. 오전 9:29,김범준 기자,"31일 SBS 라디오 '김태현의 정치쇼' 인터뷰지난주 '명낙회동' 후 '10월 이재명 사퇴설'차기 당대표 등판설에…""전혀 들은 바 없다""""총선 결과 좋으면 전당대회 고민한 적 있어""[이데일리 김범준 기자] 김두관 더불어민주당 의원이 최근 항간에서 떠도는 ‘10월 이재명 당대표 사퇴론’과 함께 불거지는 ‘김두관 등판설’에 대해 “전혀 사실무근이자 금시초문”이라고 일축했다. 그러면서도 전당대회가 열릴 경우 출마 의향에 대해 가능성은 열어뒀다.김두관 더불어민주당 의원.(사진=연합뉴스)김 의원은 31일 SBS 라디오 ‘김태현의 정치쇼’ 인터뷰에서 지난주 이른바 ‘명낙회동’ 이후 국회 안팎에서 오르내린 ‘민주당 K의원’이 김두관 의원이라는 추측에 대해 “전혀 들은 바가 없다”면서 “해프닝이라고 생각한다”고 밝혔다.이번 추석 이후 10월에 이재명 대표가 사퇴하고 민주당이 전당대회를 새롭게 열어 정통성 있는 지도부를 새로 뽑아서 내년 총선에 대비한다는 시나리오와 관련해서다.그는 이어 “그런 정도의 ‘큰 그림’이 그려졌다면 여의도에 정식으로 소문이 났을 것”이라며 “여러 사법리스크 문제와 최근 현안들이 있지만 당 지도부에서 충분히 대응을 준비하고 있어서, ‘10월 전당대회’라는 게 가정인데 전혀 그럴 가능성이 높지 않다고 보고 있다”고 말했다.다만 김 의원은 총선 전 민주당에서 전당대회가 열릴 경우 당대표 후보자 출마 의향에 대해 “일단 당의 부름이 있어야 가능하다”면서 “내년 총선에서 제 지역구인 PK지역에서 좋은 결과가 나오면 내년 8월 전당대회 정도는 고민을 해 왔던 적이 있다”고 가능성을 시사했다.앞서 이재명 대표와 이낙연 전 대표는 두 차례 순연 끝에 지난 28일 서울 종로구 한 식당에서 만찬을 가졌다. 이 자리에서 이재명 대표는 당의 단합을 주문했지만, 이낙연 전 대표는 당의 혁신과 도덕성 및 민주주의 회복을 이야기하면서 서로 시각이 다른 것 아니냐는 해석이 뒤따랐다.이에 대해 김 의원은 “혁신도 필요하고 단합도 필요하다. ‘동전의 양면’이자 ‘수레의 양 바퀴’”라면서 “내년 총선, 2026년 지방선거, 차기 대선에서 승리하려면 당연히 혁신을 해야 하고 그 힘이 뒷받침 되려면 당이 단합해야 한다”고 설명했다.이어 “(지난) 대선 경선과정과 (이재명이) 당대표가 된 이후에도 여러 현안이 있을 때마다 갈등이 있었기 때문에 당 지도력을 채울 수 있도록 도와달라는 요청을 했을 것”이라며 “여기에 이낙연 전 대표가 원론적으로는 동의했겠지만 주요 현안에 대한 이해의 온도차가 있기 때문에 그런 점도 확인하는 시간이었을 것”이라고 짚었다.그러면서 “‘수박’(겉은 파란색(민주당)이지만 속은 빨간색(국민의힘)이란 은어) 논쟁에 대해 ‘좌표’ 찍는 점에 대해 이낙연 전 대표가 문제를 제기하고 이재명 대표도 흔쾌히 요청을 받아들이겠다고 했다”며 “분열은 패배의 지름길이기 때문에 이런 측면에서 또 접점도 있었다고 보인다”고 했다.",정치
8,"[단독] ""이력서 받아"" vs ""기억 없어""...이동관 해명 오락가락",2023.07.30. 오전 6:05,황윤태 기자,"[앵커]이동관 방송통신위원장 후보자의 부인에게 지난 2010년 무렵 이력서와 2천만 원이 든 쇼핑백이 차례로 건네졌다는 '인사청탁' 의혹, 지난주 YTN이 전해드렸는데요.이 후보자 측은 돈에 대해서는 당시나 지금이나 곧바로 돌려줬다는 입장입니다.그렇다면 이력서는 왜 받았는지를 물었더니 판결문과는 달라진 설명을 내놨습니다.황윤태 기자가 단독 보도합니다.[기자]지난 2010년 이동관 후보자 부인을 상대로 인사 청탁을 시도한 혐의 등으로 기소된 A 씨의 판결문입니다.이 후보자 부인은 경찰 조사에서 ""2009년 11월 A 씨로부터 C 씨의 이력서를 받았고,두 달 뒤인 2010년 1월 중순에는 수건이 든 쇼핑백을 받았는데 다음 날 2천만 원이 들어있는 것을 발견하고, 바로 가져가라고 연락해 그날 밤 돌려줬다""고 진술했습니다.C 씨는 A 씨에게 이 후보자가 당연직 위원으로 있던 G20 준비위원회의 홍보기획단장 자리를 부탁했습니다.먼저 이력서부터 따져봤습니다.이 후보자 측에 부인이 이력서를 받은 이유를 물었더니, ""그런 이력서를 받은 기억이 없다""고 판결문에 담긴 진술과 달리 말했습니다.돈을 돌려준 방식에 대한 설명도 판결문에서는 '가져가라고 연락해 돌려줬다', 이번 해명에서는 '즉시 찾아가 되돌려줬다'로 달라졌습니다.인사 청탁 당사자인 C 씨의 진술에 대해서도 이 후보자 측에 물었습니다.C 씨는 원하던 자리에 못 가게 되자 ""2010년 5월 중순 이동관 수석을 직접 만나 물었고 A 씨에게 돈을 돌려줬다는 말을 들었다""고 수사기관에 진술했습니다.하지만 이 후보자는 C 씨를 모른다고 답했습니다.[C 씨 / 이동관 후보자 부인 상대 청탁 의뢰인 : (2010년 5월 쯤에는 그래도 이동관 수석님을 한 번 만나셨다 이렇게는 이야기가….) 판결문이 그렇게 돼 있으면 그게 맞는 거겠죠.]YTN은 당시 돈을 돌려줬다는 진술을 뒷받침하는 증거와 부인이 이력서를 받았다고 밝혔던 상황 등에 대한 설명을 요청했지만 답이 없었습니다.대신 이 후보자 측은 ""본인뿐 아니라 부인까지 거론하며 '카더라식' 보도를 할 경우 법적 조치할 수 있다는 것을 주지""하라고 경고했습니다.YTN 황윤태입니다.※ '당신의 제보가 뉴스가 됩니다'[카카오톡] YTN 검색해 채널 추가[전화] 02-398-8585[메일] social@ytn.co.kr",정치
10,상반기 日 방문 한국인 313만명…한국 찾은 일본인의 3배,2023.07.31. 오전 8:39,김명상 기자,"일본 하네다 국제공항 (픽사베이 제공)[이데일리 김명상 기자] 올해 상반기 일본을 찾은 한국인이 방한 일본인의 3배를 훌쩍 넘긴 것으로 나타났다. 31일 한국관광공사와 일본관광청에 따르면 올해 상반기 일본을 찾은 한국인은 312만9000명으로 한국을 찾은 일본인(86만2000명)의 3.6배였다.반면 한국을 찾은 일본인은 86만2000명에 불과했다. 방일 한국인은 팬데믹 이전인 2019년 상반기(386만3000명)와 비교해 81%까지 회복했으나, 방한 일본인(86만2000명)은 2019년 상반기(165만4000명) 대비 52.1%에 그쳤다. 일본 방문객 중 한국인은 전체의 29.2%를 차지해 1위였으나, 한국을 찾은 일본인도 순위에서는 1위에 올랐으나 비중은 19.5%로 훨씬 낮았다.다른 외국인 역시 한국보다 일본을 더 찾고 있다. 올해 상반기 일본을 찾은 전체 외국인은 1071만명으로, 한국을 찾은 외국인(443만명)의 약 2.4배였다. 일본 방문객이 많은 것에는 엔저 현상이 큰 영향을 미쳤다. 지난해 1분기 원·엔 환율은 100엔에 1000원이 넘었지만, 최근에는 910원을 조금 넘는 수준이다. 또한 일본은 수도인 도쿄 외에도 오사카, 교토, 후쿠오카, 삿포로, 오키나와 등 지역의 관광지가 골고루 분포해 있는 점이 강점으로 꼽히고 있다.",경제
11,"민주, '양평고속도로 노선평가위 만들자' 원희룡에 ""국조 먼저""",2023.07.30. 오후 7:48,박종홍 기자,"""국정조사 논의는 국회 몫…감놔라 배놔라 말라""원희룡 국토교통부 장관이 30일 오후 서울 강남구 한국토지주택공사(LH) 서울지역본부에서 열린 공공주택 긴급안전점검 회의를 주재하고 있다. 이날 회의는 시흥은계 지구 수돗물 민원 및 LH 무량판 조사 결과 대응방안 논의를 위해 마련됐다. 2023.7.30/뉴스1 ⓒ News1 이승배 기자(서울=뉴스1) 박종홍 기자 = 더불어민주당은 30일 여야가 노선평가위원회를 꾸려 서울-양평 고속도로 사업을 재개하자는 원희룡 국토교통부 장관의 제안에 대해 국정조사 실시가 먼저라고 맞섰다.국회 국토교통위원회 야당 간사인 최인호 민주당 의원은 이날 입장문을 통해 ""원 장관은 서울-양평 고속도로 백지화를 철회하고 이런 사태까지 온 것에 대해 국민들에게 진솔한 사과부터 먼저 하라""고 촉구했다.최 의원은 ""원 장관은 국토부와 용역사가 자료 미제출, 궁색한 변명으로 진상규명을 방해한 것 때문에 국정조사를 신청한 것임을 명백히 깨달아야 한다""며 ""국정조사 여부는 국회가 논의할 몫이지 국토부 장관이 감놔라 배놔라 할 입장이 아니다""라고 강조했다.이어 ""갑작스러운 노선 변경 때문에 생긴 여러가지 특혜 의혹의 진상을 규명하는 국정조사 실시가 우선""이라며 ""국토부와 용역사가 그렇게 떳떳하다면 국정조사를 피할 이유가 없다""고 지적했다.앞서 원 장관은 이날 한국토지주택공사(LH) 서울지역본부에서 기자들과 만나 ""심상정 의원이 노선검증위원회를 여야가 함께 꾸리자는 제안을 했다. 국토부 자체 검증은 정쟁화돼 있어서 (어렵다)""며 ""정쟁화를 벗어나기 위해서는 전문가의 과학, 상임위의 진실, 양평군민을 비롯한 국민의 뜻을 최대한 모아내는 과정에서 책임을 다해야 한다""고 밝혔다. 그는 또한 ""국민의힘 간사를 중심으로 전문가 검증 위원회 꾸리는 것을 진행하겠다""고 덧붙였다.다만 국정조사에 대해서는 ""국정조사로 갈 것도 없이 상임위 7일 전에만 부르면 된다""며 부정적인 입장을 표했다.",경제
12,고물가에 자체브랜드 인기…롯데마트 간편식 '요리하다' 매출↑,2023.07.31. 오전 6:00,이신영 기자,"요리하다 냉면[롯데마트 제공. 재판매 및 DB 금지]    (서울=연합뉴스) 이신영 기자 = 롯데마트는 올해 들어 가정간편식 자체브랜드 '요리하다' 매출이 지난해 같은 기간보다 20%가량 증가했다고 31일 밝혔다.    경기침체로 물가 부담이 커지자 일반 상품과 비교해 품질은 떨어지지 않지만 가격은 합리적인 자체브랜드 상품 수요가 늘어난 결과로 풀이된다.    6월부터는 냉면이나 삼계탕 등 여름철 대표 외식 메뉴 매출이 각각 30%와 60% 증가하면서 전체 매출을 견인했다.    한국소비자원 가격정보종합포털 '참가격'의 외식비 조사에 따르면 6월 기준 서울의 냉면 한 그릇 가격은 1만1천154원에 달했지만, 롯데마트 요리하다의 동치미 물냉면 1인분 가격은 80% 이상 저렴하다.    롯데마트는 냉면 사리와 육수를 1인분 단위로도 판매하고 있으며 2인분과 4인분 기준으로도 선보이고 있다.    또 내달 16일까지 요리하다 삼계탕과 갈비탕, 찌개 등 20개 제품을 할인한다.    eshiny@yna.co.kr",경제
13,"권오갑 HD현대 회장 ""나쁜이익에 기대지 말고, 미래사업 전력 기울여야""",2023.07.30. 오전 10:02,이상현 기자,"그룹 사장단 회의서 강조'직원 존경' 경영성패 갈라권오갑(사진) HD현대 회장이 그룹 계열사 대표이사 사장단에게 외부 환경으로 인한 이익에 취해 착각하지 말 것을 주문했다. 또 미래 사업에 사활을 걸어야 한다고 당부했다.HD현대는 지난 28일 열린 그룹 사장단 회의에서 권오갑 회장이 이같이 말했다고 30일 밝혔다.이날 회의에는 권오갑 회장, 가삼현 부회장, 한영석 부회장, 정기선 사장 등 주요 계열사 대표이사 사장단이 참석, 각 사업별 핵심 현안을 점검하고 해결방안에 대한 구체적인 계획과 진행상황을 논의했다. 이들은 친환경·디지털 흐름을 선도하기 위한 각 회사별 기술 고도화 추진 현황과 인재확보 방안을 점검하고, 글로벌 시장의 급속한 변화 속에서 안정적인 수익성을 확보하기 위한 전략과 역량 강화 방안 등에 대해서도 토론을 벌였다.이 자리에서 권 회장은 ""기업 스스로 각고의 노력을 통해 글로벌 경쟁력과 미래사업을 담보해 내고, 이를 통해 창출해내는 이익만이 비로소 좋은 이익""이라고 말했다. 또 ""환율·시황 등 외부 환경 변화에 따라 일시적으로 얻은 이익이 우리에게 잘못된 시그널을 준다면 오히려 '나쁜 이익'으로 돌아올 수 있다""며 ""경영자는 나쁜 이익에 취해 마치 회사가 엄청난 성장을 한 것처럼 착각해서는 안 된다""고 당부했다. 이어 ""미래가치를 높이는 데 얼마나 노력했는가, 직원들이 마음껏 일할 수 있는 분위기를 만들어 주었는가 스스로에게 물어야 할 것""이라며 ""직원들이 얼마나 회사를 사랑하는지, 경영자가 직원들로부터 얼마나 존경 받는지가 그 회사의 성패를 가른다""고 덧붙였다. 끝으로 ""직원들에게 어떤 미래를 보여줄 것인가를 고민하고, 미래사업에 전력을 기울일 것""이라고 덧붙였다.한편 HD현대는 앞서 27일 내놓은 2분기 경영실적에서 매출 15조6213억원, 영업이익 4726억원을 기록했다고 밝혔다. 권오갑 HD현대 회장. HD현대 제공",경제
14,LH 아파트 긴급 점검…“15개 단지서 철근 누락”,2023.07.31. 오전 6:27,전현우 기자,"[앵커] KBS가 단독 보도한  이른바 '순살 아파트',  더 있었습니다. LH가 발주한 무량판 구조 단지를 전수 조사했더니, 15개 단지에서 지하주차장 기둥의 철근이 누락된 것으로 확인됐습니다. 국토부와 LH는  긴급 보완 공사를 실시하고, 책임자를 엄벌하겠다고 밝혔습니다. 전현우 기자입니다. [리포트]  천장 무게를 견디지 못하고 폭삭 주저앉아 버린  아파트 지하 주차장. 또다른 아파트 주차장도  하자투성이입니다. 기둥 속 철근이 빠진 겁니다.[아파트 주민/음성변조 : ""기둥만 보강한다고 해서 그게 잘 될지도 의문이고... (전문가) 그런 분들이 참여하셔서 같이 안전 검사도 하셨으면 좋겠고, 재시공을 다시 했으면 좋겠어요.""] 뼈대 없는 건물을 치킨에 빗댄  '순살 아파트' 파문이 커지자, LH가 긴급 안전점검을 실시했습니다. 무량판 구조가 적용된 아파트 단지 91곳을 전수 조사한 결과, 15개 단지에서 철근이 미흡한 사실이 확인됐습니다. 수도권 8곳, 지방 7곳입니다. 이 중 10개 단지는 설계에서 오류가 발견됐습니다. 구조 계산이 빠졌거나, 잘못 계산돼 있었고 도면에 철근 표시가 누락되기도 했습니다. 5개 단지는 위치나 방법을 잘못 적용하는 등 시공 상의 부실이 드러났습니다.[빈태봉/LH 공공주택사업본부 주택구조견적단장 : ""보강근 자체가 누락된 사례도 있었고요. 설치 범위가 1m나 1.5m까지 기준치 비해서 설치를 했었어야 되는데 범위가 0.5m라든지...""] [""무겁게 고개 숙여 사죄드립니다.""] 정부는 고개를 숙였습니다. 원희룡 장관은 건설 현장의  이권 카르텔을 도려내겠다며, 책임자에 대한 강력한 법적 조치를 요구했습니다.[원희룡/국토교통부 장관 : ""책임자에 대해서는 가장 무거운 징계 조치와 함께 즉각 수사·고발 조치를 (촉구합니다).""] 문제의 15개 단지 중  5곳은 이미 입주가 완료됐습니다. 정밀 안전점검과 보완공사가 진행됩니다. 아직 입주하지 않은  10개 단지는 입주 전까지 보완 공사를 마친단 계획입니다. 한편, LH 외에 민간이 발주한 아파트  100여 곳에 대한 점검도 마무리되면 철근 누락 아파트는  더 늘어날 것으로 보입니다. KBS 뉴스 전현우입니다. 촬영기자:홍성백/영상편집:박주연/그래픽:서수민■ 제보하기▷ 전화 : 02-781-1234, 4444▷ 이메일 : kbs1234@kbs.co.kr▷ 카카오톡 : 'KBS제보' 검색, 채널 추가▷ 네이버, 유튜브에서 KBS뉴스를 구독해주세요!",경제
15,SK이노베이션 지금이 바닥?…어닝쇼크에도 증권가 '톱 픽',2023.07.30. 오후 2:18,최만수 기자,"정유 부진에도 2차전지 실적 개선  하나증권 목표주가 22만원→26만원""3분기 드라마틱한 실적 개선 기대""SK이노베이션이 정유업황 악화로 2분기 부진한 실적을 발표했지만, 증권가의 눈높이는 오히려 높아지고 있다. 2차전지 사업의 적자폭 축소로 하반기부터 가파른 실적개선이 나타날 것이란 전망이 나온다. 하나증권은 SK이노베이션을 정유·화학업종 ‘톱 픽’으로 꼽고 목표주가를 18.2% 상향조정했다.SK이노베이션은 지난 28일 1.34% 오른 18만9500원에 장을 마쳤다. 이날 ‘어닝쇼크’급 실적발표에도 불구하고 소폭 상승했다.이 회사는 올 2분기 매출 18조7272억 원, 영업손실 1068억 원을 기록했다. 전년 동기 대비 매출은 5.9% 늘었지만 영업이익은 적자로 돌아섰다. 적자의 대부분은 석유사업에서 발생했다. SK이노베이션 관계자는 “경기 둔화 우려에 따라 유가와 정제마진이 하락하면서 석유사업에 부정적 영향이 있었다”고 설명했다.하지만 증권가는 정유사업보다 새 먹거리인 2차전지에 주목했다. 배터리 자회사인 SK온은 올 2분기 역대 최대 매출(3조6961억원)을 달성했다. 영업손실은 1315억원으로 전 분기 대비 약 2100억원 적자폭을 줄였다. 영업손실률은 2021년 4분기 -29.4%에서 올해 2분기 -3.5%로 축소됐다. 상각전영업이익(EBITDA)은 725억 원으로 흑자전환에 성공했다.올해 미국 인플레이션 감축법(IRA) 시행에 따른 생산세액공제(AMPC)와 함께 조지아 1~2 공장의 수율상승이 적자폭 축소로 이어졌다는 분석이다.하나증권은 SK이노베이션의 3분기 영업이익을 7688억원으로 추정했다. 현재 컨센서스(5940억원)보다 30% 높은 수치다. 2024년 영업이익은 3조5000억원으로 올해보다 98% 급증할 것이라 전망했다. 목표주가도 22만원에서 26만원으로 올렸다. 윤재성 하나증권 연구원은 “본업인 정유사업도 정제마진의 뚜렷한 개선이 나타나고 있다”며 “이제부터 드라마틱한 실적 개선이 예상되나, 주가는 2024년 기준 주가수익비율(PER) 8.4배 주가순자산비율(PBR) 0.7배에 불과해 과도한 저평가 국면에 있다”고 분석했다.",경제
16,아산 탕정지구 ‘특화평면 적용 단지’ 전세대 계약 마쳤다,2023.07.30. 오후 6:14,김서연 기자,"힐스테이트 자이 아산센텀  현대건설 컨소시엄은 충남 아산 탕정지구에 공급한 '힐스테이트 자이 아산센텀(조감도)'의 전세대 계약을 완료했다고 30일 밝혔다.   아산시 아산탕정지구내 2-A11블록 일원에 위치한 해당 단지는 18.67대 1의 청약 경쟁률로 아산에서 18개월 만에 최고 경쟁률을 기록한 바 있다. 힐스테이트와 자이의 브랜드 프리미엄, 탕정지구의 탁월한 입지 여건, 주변 시세 대비 합리적인 분양가 등이 주된 동력으로 꼽힌다.   또한, 평면, 옵션, 상품 등 세심한 부분까지 차별화된 상품과 사전 마케팅을 진행해 고객들의 니즈를 단지에 반영한 것도 주효했던 것으로 보인다.   타입별로 알파룸은 물론 복도·주방 팬트리까지 구성하는 등 라이프 스타일에 따라 다양한 공간으로 활용 가능한 특화평면을 적용했다. 넓은 동간 거리와 남향 위주의 배치로 채광, 개방감 등을 누릴 수 있는 게 특징이다. 커뮤니티로는 휴게공간인 힐스라운지와 스튜디오가 있는 업무공간인 워크라운지, 스터디룸, 독서실 등을 갖추고 있다.   업계 관계자는 ""평면부터 옵션, 상품, 가격, 입지 등 세심한 부분까지 신경 써 완성도를 높인 만큼 향후 입주민들의 만족도가 높을 것으로 예상된다""며 ""기대에 부응할 수 있도록 성실 시공으로 보답하겠다""고 말했다.",경제
17,"GS25, 광복절 맞아 '태극기 디오라마' 8150개 경품 지급",2023.07.31. 오전 9:07,서미선 기자,"오뚜기 행사상품 사고 GS25앱에 스탬프 2개 모아 응모가능태극기 디오라마 세트 연출 이미지(GS리테일 제공)(서울=뉴스1) 서미선 기자 = GS25는 8월15일 제78주년 광복절을 맞아 '태극기 게양하기' 캠페인을 진행한다고 31일 밝혔다.GS리테일(007070)과 디지털 폰트회사 산돌(419120), 종합식료품회사 오뚜기(007310)가 태극기 디오라마(풍경이나 그림을 배경으로 두고 축소 모형을 설치한 것) 세트 8150개를 제작해 고객에게 경품으로 준다.태극기와 함께 산돌 폰트로 '광복' '자유' '만세' '그날이 오면' '말과 글은 우리민족의 정신이다' 등 문구가 쓰인 아크릴 모형과 아크릴 판(바닥), 캠페인 취지를 소개하는 패키지 설명서로 구성했다.GS25에서 진라면, 짜슐랭, 진비빔면 등 오뚜기 행사상품 20종 구매 뒤 GS&포인트를 적립하면 된다. 결제 시 '우리동네GS'앱 이벤트 화면에 스탬프 1개가 생성되며, 2개를 모으면 응모 가능하다. 행사는 8월 한 달간 진행하며 경품 소진 시 조기 종료된다.채은수 GS25 프로모션파트 매니저는 ""어디서든 간편하게 태극기를 달 수 있는 새 형태의 태극기 문화를 제안하려 이번 캠페인을 진행한다""며 ""다양한 방식의 애국 마케팅 활동을 지속 전개할 것""이라고 말했다.",경제
18,전국 미분양 주택 6만6388가구....4개월 연속 감소,2023.07.31. 오전 6:01,고가혜 기자,"전국 미분양 6만6388가구…악성 미분양 9399가구6월 누계 착공실적 전년 동기에 비해 50.9% 감소매매 거래량 전월 대비 4.7% 감소…월세비중 증가국토부가 발표한 '2023년 6월 주택통계'에 따르면 지난달 말 기준 미분양 주택은 총 6만6388가구로 전월(6만8865가구) 대비 3.6%(2477가구) 감소했다.(자료 제공=국토부) *재판매 및 DB 금지[서울=뉴시스] 고가혜 기자 = 전국 미분양 주택이 4개월 연속 감소세를 나타내고 있는 것으로 집계됐다. 반면 준공 후에도 해소되지 않는 미분양은 1만가구에 근접하면서, 시공사들의 주택착공실적도 절반 가까이 줄어들고 있는 것으로 나타났다.주택 거래량 역시 전월에 비하면 다시 줄었지만 거래 침체가 극심했던 전년 동월에 비하면 높은 수준인 것으로 파악됐다.  31일 국토부가 발표한 '2023년 6월 주택통계'에 따르면 지난달 말 기준 미분양 주택은 총 6만6388가구로 전월(6만8865가구) 대비 3.6%(2477가구) 감소했다. 전국 미분양 가구는 지난 2월 7만5438가구까지 치솟았다가 지난 3월(7만2104가구) 11개월 만에 다시 감소세로 돌아선 뒤 ▲4월 7만1365가구 ▲5월6만8865가구 ▲6월6만6388가구로 계속 감소 추세를 보이고 있다. 다만 그간 증가폭에 비하면 감소폭은 크지 않은 상황이다.그러나 일명 '악성 미분양'이라 불리는 준공후 미분양은 9399가구로 전월(8892가구) 대비 오히려 5.7%(507가구) 증가했다. 업계에서는 준공 전 미분양으로 집계되던 몇몇 단지들이 입주를 시작하면서 준공 후 미분양 수치가 늘어난 것으로 보고 있다.전국 미분양 주택을 지역별로 보면 수도권은 1만559가구로 전월(1만799가구) 대비 2.2%(240가구) 감소했다. 서울은 1181가구로 전월(1144가구)보다 미분양 주택이 3.2% 더 오르고, 경기(6958가구→7226가구) 역시 전월대비 3.9% 상승했지만, 인천(2697가구→2152가구)은 오히려 미분양이 20.2%(545가구) 줄었다.또 지방은 5만5829가구로 전월(5만8066가구) 대비 3.9%(2237가구) 줄었지만 지역별로 그 양상은 달랐다. 부산(7.4%), 광주(15.6%), 전남(17.8%) 등 지역은 미분양 주택이 올랐지만 세종(-24.6%), 대전(-14.7%), 울산(-12.9%), 대구(-10.4%) 등 지역에서 큰 폭으로 미분양이 감소하면서 전체적으로 감소세를 보였다.규모별로는 전용면적 85㎡ 초과 미분양이 8230가구로 전월(8393가구) 대비 1.9% 감소했고, 85㎡ 이하는 5만8158가구로 전월(6만472호) 대비 3.8% 감소했다.2023년 6월 주택통계에 따르면 6월 누계 주택건설실적은 준공실적 외 인허가·착공·분양 실적이 모두 전년 동기보다 감소했다. 특히 착공 실적은 지난해 같은 시기에 비해 절반 가까이 줄었다.(자료 제공=국토부) *재판매 및 DB 금지올 들어 1월부터 6월까지의 주택건설실적은 준공실적 외 인허가·착공·분양 실적이 모두 전년 동기보다 감소했다. 특히 착공 실적은 지난해 같은 시기에 비해 절반 가까이 줄었다.통계에 따르면 6월 누계(1~6월) 기준 주택 인허가는 18만9213가구로 전년 동기(25만9759가구) 대비 27.2% 감소했고, 착공은 9만2490가구로 전년 동기(18만8449가구)보다 50.9% 감소했다.또 분양(승인)실적은 6만6447가구로 전년 동기(11만6619가구) 대비 43.0% 줄었다. 다만 올해들어 6월까지의 누계 준공 실적은 18만9225가구로 전년 동기(18만3277가구)보다 3.2% 늘었다.6월 주택 매매거래량(신고일 기준)은 총 5만2592건으로, 전월(5만5176건) 대비 4.7% 감소했지만, 전년 동월(5만304건)에 비하면 4.5% 증가했다.(자료 제공=국토부) *재판매 및 DB 금지한편 주택 거래량은 전월 대비 다시 감소했지만 거래 침체가 극심했던 전년 동월에 비하면 높은 수준인 것으로 집계됐다.6월 주택 매매거래량(신고일 기준)은 총 5만2592건으로, 전월(5만5176건) 대비 4.7% 감소했지만, 전년 동월(5만304건)에 비하면 4.5% 증가했다.지역별로 보면 주택 매수세가 다시 붙기 시작한 서울은 주택매매 거래량이 6674가구로 집계됐다. 이는 전월(6468가구)에 비해서도, 전년 동월(6617가구)에 비해서도 각각 3.2%, 0.9%씩 증가한 수치다.반면 수도권과 지방은 전월에 비해선 거래량이 오히려 줄었다. 수도권(2만3989건)은 전월(2만4739건) 대비 3.0% 감소했고, 전년 동월(2만1704건)에 비하면 10.5% 증가했다. 지방(2만8603건)은 전월(3만437건) 대비 6.0% 줄고, 전년 동월(2만8600건)에 비하면 0.01% 증가했다.또 전월세 거래량(신고일 기준)은 총 21만3265건으로, 전월(27만6950건)에 비하면 23.0% 줄었으나 전년 동월(21만2656건)에 비하면 0.3% 증가했다. 6월 누계(1~6월) 기준으로는 146만1664건으로 전년 동기 대비 6.9% 감소했다. 유형별로 보면 아파트(10만7906건)는 전월 대비 16.9% 줄었지만, 전년 동월 대비로는 8.1% 증가했다. 반면 아파트 외 주택(10만5359건)은 전월 대비(-28.4%)로도, 전년 동월(-6.7%)로도 감소했다.임차 유형별로는 전세 거래량(9만7964건)은 전월 대비 14.4% 줄었고, 전년 동월 대비로도 7.5% 감소했다. 월세 거래량(보증부월세·반전세 등 포함)은 11만5301건으로, 전월에 비하면 29.0% 줄었지만 전년 동월 대비로는 8.1% 증가했다.전세 대비 월세 비중은 더 높아지고 있다. 올해 6월까지 누계 기준 월세 거래량 비중은 55.3%로 전년 동기(51.6%) 대비 3.7%p 증가한 것으로 집계됐다．",경제
19,삼정KPMG “NIS2 규정 준수 위해 거버넌스 책임 확대해야”,2023.07.31. 오전 9:05,김상훈 기자,"‘EU NIS2 대응을 위한 IT와 OT보안 이해하기’ 보고서 발간삼정KPMG 제공[헤럴드경제=김상훈 기자] 유럽연합(EU)의 사이버 보안 지침인 NIS2(Network and Information Systems 2)의 세부 요구사항이 공개되는 내년 10월까지 관련 기업들의 대응 마련이 시급하다는 지적이 나왔다.지난해 12월 EU는 개정된 NIS2 지침을 공표한 가운데 새 NIS 규정에는 핵심 산업 인프라 공급망에 필수적인 기업 외에도 새로운 산업군들을 포함하는 등 범위를 넓혔다. 또 기존 NIS 지침은 7개의 핵심 분야를 다룬 반면, 새 지침에서는 안전 및 효율, 사회에 중요한 것으로 간주되는 부문까지 관점을 확장해 9개의 부문이 추가됐고 이에 해당하는 기업 대상 또한 확대된 게 특징이다.삼정KPMG는 31일 ‘EU NIS2 대응을 위한 IT와 OT보안 이해하기’ 보고서를 발간하고 기업의 비즈니스가 디지털화됨에 따라 기업의 사이버 보안 역량을 강화하고 컴플라이언스를 충족시키도록 요구하고 있다고 밝혔다. 또 NIS2가 적용되는 2025년부터는 EU 지역 내 기업의 사이버 보안과 인프라 보호에 대한 역량도 의무적으로 강화해야 한다고도 강조했다.보고서는 NIS2에 대한 기업의 대응 전략으로 ▷최고경영진의 인식 촉구 ▷표준 및 프레임워크 구현 ▷긴급개선 (Fix-it) 프로그램 수립과 실행 ▷거버넌스 책임 확대 등 4가지를 제시했다.먼저 보고서는 NIS2가 발효되기까지 준비 기한이 짧은 만큼 최고경영진의 관심 아래 새로운 사이버 보안 법률 의무를 준비해야 한다고 조언했다. 규정을 준수하지 못할 경우 C레벨이 법적 책임을 지게 되며, 기업에는 징벌적 과징금이 부과된다. 이에 최고경영진은 NIS2가 가져오는 영향에 대해 IT 및 OT(Operational Technology·산업운영기술) 측면에서 자원과 조직을 갖추고 대응 전략을 고민해야 한다는 설명이다.NIS2는 사이버 리스크 관리를 의무화해 기업의 회복력과 연속성을 보장하면서 사이버 보안 요구사항을 준수하는 것을 목표로 하고 있어 조직 내 인프라 취약점을 식별하고 신속하게 해결하는 것이 중요하다. 그러나 NIS2에서 요구하는 사항이 아직은 모호하기 때문에 보고서는 IEC 62443과 같은 OT 산업보안 관련 국제 표준을 따를 것을 권장했다.현재 기업이 가지고 있는 심각한 보안 취약점을 파악하는 ‘Fix-it 프로그램’을 수립하고, 개선을 위한 활동인 보안 아키텍처 구현부터 조직개편 등을 지원해 조직에서 파악된 사이버 보안 문제점을 기한 내 즉시 경감시킬 것을 제안했다.아울러 보고서는 NIS2 새 규정에 따라 사이버 보안이 경영 이사회의 필수 안건이 될 것으로 기대되는 가운데 경영진은 사이버 보안 리스크를 식별하고 관리하는 데 필요한 지식과 기술을 갖출 것이 요구되고 있다고 강조했다.이에 따라 경영진은 NIS2 영향에 대해 교육을 받아야 할 뿐만 아니라 직원들도 정기적으로 사이버 보안 교육을 받도록 권장해야 한다. 또 실제로 사이버 공격이 발생한 경우 이사회는 조직 내 검증된 사이버 보안 프로그램이 있음을 입증할 수 있어야 해 관련 프로그램 구축도 반드시 필요하다는 분석이다.최민화 삼정KPMG OT보안팀 리더 상무는 “관련 기업들은 안전한 디지털 신기술 도입과 핵심 기밀 보호를 위한 산업표준수립 등의 보안 거버넌스 체계를 수립하고 이상 징후 사전탐지, 사고 모니터링, 사고 대응 시스템 구축을 통해 기업의 사업전략 방향과 디지털 혁신 속도에 맞춘 현실적인 대응책을 마련하는 것이 중요하다”고 말했다.",경제
20,코로나 끝난 줄 알았더니…일일 확진자 5만명 '육박',2023.07.30. 오후 2:53,이현주 기자,"변이 바이러스·방역 완화로 감염 증가지난 19일 하루 신규 확진자 4만7029명...6개월 만 최다 수치사진은 지난 28일 서울 동대문구보건소에 마련된 선별진료소에서 시민들이 검사를 기다리는 모습. 사진=뉴스1최근 코로나19 하루 확진자가 5만명에 육박하며 확산세가 심상치 않은 모습이다. 전문가들 사이에선 지난 겨울 이후 또다시 재유행의 조짐이 보인다는 우려가 나온다. 30일 중앙방역대책본부에 따르면 7월 셋째 주(7월 16∼22일) 확진자는 25만3825명으로 전주 대비 35.8% 증가했다. 4주 연속 증가세다.지난 19일 신규 확진자는 4만7029명으로 겨울 재유행이 정점이었던 지난 1월 11일(5만4315명) 이후 6개월여 만에 가장 많았다.이러 추세라면 하루 확진자가 5만명을 돌파할 것이란 관측도 있다. 코로나 확산세를 두고 전문가들은 마스크 의무 해제 등 방역 정책 완화와 거듭된 변이 출현에 따른 면역력 약화 때문이라고 말한다. 또 코로나19 검사 인원이 줄어들면서 숨은 감염자는 더 많을 것이라고 추측했다.정재훈 가천대 의과대학 교수는 최근 자신의 소셜네트워크서비스(SNS)를 통해 ""기존 면역을 회피하는 특성을 가진 변이가 계속해서 출현하고 복합면역이 형성됐더라도 시간이 지나 감염 예방효과가 감소했다""며 현 상황을 '예견된 유행'이라고 설명했다.김우주 고려대 감염내과 교수는 ""지금 우세종인 XBB 1.5는 면역 회피 능력이 탁월하다""며 ""방역이 완화된 만큼 당분간 (감염) 증가 추세는 계속될 것""이라고 말했다.이어 ""바이러스 생존이 어렵고 실외 활동이 많은 여름인데도 이 정도면, 날씨가 쌀쌀해지고 실내 활동이 늘어날 경우 환자가 폭발적으로 증가할 것""이라고 걱정했다. 최근 고령층 확진자는 더 가파르게 늘어나는 등 고위험군에 대한 우려도 커지면서 방역당국의 메시지도 더 신중해야 한다는 지적이 나온다.이르면 내달 코로나19가 감염병 4급으로 조정되면 병원급 이상 의료기관과 입소형 감염취약시설 등 일부에 남아있던 실내 마스크 착용 의무가 권고로 전환된다. 감시체계가 전수감시에서 표본감시로 바뀌며 확진자 수 집계도 중단된다.정부는 오는 10월 오미크론 XBB 계열 변이를 기반으로 한 새 백신으로 코로나19 예방접종을 할 계획이다. 질병청 관계자는 ""10월 도입 예정인 백신은 XBB 1.5뿐 아니라 1.16, 1.9.1, 1.9.2등 현재 유행 중인 XBB 계열에 대부분 효과가 있다""고 설명했다.",사회
21,전세보증금반환보증 가입 청년에게 보증료 환급,2023.07.30. 오후 9:52,한주연 기자,"[KBS 전주]전국적으로 전세보증금반환보증 보험에 가입한 청년을 대상으로 보증료 지원이 이뤄짐에 따라 전북 14개 시군도 주민센터 등을 통해 신청을 받습니다.지원 대상은 임차보증금 3억 원 이하, 연 소득 5천만 원 이하인 만 18세에서 39세 이하 무주택 청년입니다.올해 1월 1일 이후 전세보증금반환보증 보험에 가입한 경우 납부한 보증료 가운데 최대 30만 원을 환급하는 방식으로 지원합니다.다만, 등록임대사업자의 임대주택에 사는 임차인과 회사 지원 숙소 등은 제외됩니다.",사회
22,"경기도, 지방세 부정감면·미신고 ,600건 적발",2023.07.31. 오전 8:02,박정규 기자,"160억 원 추징[헤럴드경제(수원)=박정규 기자] 경기도는 군포시 등 5개 시군과 지방세 합동 조사를 실시한 결과 감면 부동산을 다른 용도로 사용하거나 부동산을 취득하고도 취득세를 신고하지 않는 등 6648건의 세금 누락 사례를 적발하고 160억 원을 추징했다.지난 2월부터 7월까지 군포·안양·양평·이천·수원 등 5개 시군과 함께한 합동 조사에서는 대도시 내 법인의 취득 부동산에 대한 중과세율 신고 여부와 취득세 감면 부동산의 다른 목적 사용 등에 대해 집중적으로 조사했다.적발된 유형은 ▷대도시 내 법인의 부동산 취득 세율 축소 신고 11억 원(44건) ▷감면 부동산 목적 외 사용 115억 원(1442건) ▷상속·불법건축물 취득세 등 미신고 20억 원(4618건) ▷주민세 및 지방소득세 등 미신고 14억 원(544건) 등이다.류영용 경기도 조세정의과장은 “탈루·누락되는 세원이 없도록 철저한 조사를 통한 조세 행정을 집행해 안정적이고 체계적인 세수기반 마련에 최선을 다할 것”이라고 말했다.도는 하반기에도 용인시, 안성시, 오산시, 파주시와 함께 지방세 합동 조사를 통해 숨은 세원 발굴을 지속해 나갈 예정이다.",사회
23,인터넷쇼핑몰 게시판에 '용팔이' 표현하면 모욕?…항소심서 무죄,2023.07.31. 오전 6:00,김근주 기자,"1심에선 벌금 50만원…2심 재판부 ""상품 게시판서 표현의 자유 넓게 보장돼야""컴퓨터 서버사진은 본 기사 내용과 연관 없음. [연합뉴스TV 제공](울산=연합뉴스) 김근주 기자 = '용팔이'(전자기기 판매업자를 비하하는 용어)라는 표현을 인터넷 쇼핑몰 게시판에 올렸다면 죄가 될까?    1심은 모욕 혐의를 인정해 벌금형을 선고했으나, 항소심은 무죄라고 판결했다.    울산에 사는 A씨는 2021년 2월 전자기기 판매업자 B씨가 운영하는 인터넷 쇼핑몰에서 컴퓨터 관련 C 제품을 40만원에 판다는 글을 보게 됐다.    A씨는 당시 시세로 20만원 미만인 C 제품이 품절돼 구하기가 어려운 상황이 되자 B씨가 이를 이용해 제품 가격을 배 이상 올려 파는 것이라는 생각이 들었다.    이에 A씨는 해당 판매 글 '묻고 답하기'에 '이자가 용팔이의 정점'이라는 글을 올렸고, '용팔이'라는 단어 때문에 모욕 혐의로 재판받게 됐다.    1심 재판부는 A씨 죄를 인정해 벌금 50만원을 선고했다.    A씨가 B씨 판매 글에 대해 무엇이 잘못됐는지 아무런 설명 없이 오로지 B씨를 향해 경멸하는 표현을 썼다는 것이다.    모욕죄는 다른 사람의 사회적 평가를 저하하고 추상적 판단이나 경멸적 감정 표현을 했을 때 성립한다.    다만, 자신의 의견을 밝히는 과정에서 부분적으로 모욕적인 표현을 쓴 경우나 지나치게 악의적이지 않다면 죄가 되지 않는다.    1심 재판부는 A씨가 일반적이거나 정상적인 표현 없이 '이자가 용팔이의 정점'이라는 표현을 쓴 것은 악의적이라고 봤다.울산지방법원[연합뉴스TV 제공]    이에 A씨는 용팔이라는 단어를 쓴 것은 사회 윤리상 문제가 없다는 취지로 항소했다.    항소심 재판부는 일단, A씨가 '용팔이'라는 단어 뜻을 정확히 알고 있었기에 모욕을 주려는 의도는 있었다고 봤다.    그러나 해당 게시판에는 A씨가 글을 쓰기 전에도 다른 소비자들이 B씨가 책정한 C 제품 가격을 비판하는 글이 다수 올라와 있었고, A씨는 비슷한 의견을 압축적 표현한 것이기 때문에 무작정 모욕하는 표현을 쓴 것은 아니라고 봤다.    또 '용팔이'라는 단어 외에 욕설이나 비방이 없어 지나치게 악의적이라고 할 수도 없다고 판단했다.    항소심 재판부는 ""A씨가 글을 올린 곳은 소비자들이 판매자에게 상품에 대한 의견을 자유롭게 개진할 수 있는 공간으로서 표현의 자유가 폭넓게 보장돼야 한다""고 무죄 선고 이유를 부연했다.    canto@yna.co.kr",사회
25,"""영탁막걸리 이름 쓰지마""…가수 영탁 1심 재판서 예천양조에 이겼다",2023.07.30. 오후 8:43,길기범 기자,"【 앵커멘트 】  트로트 가수 영탁 씨가 막걸리에 자신의 이름을 쓰지 말라고 낸 소송에서 이겼습니다.  연예인의 성명이나 예명을 특정 사업에 사용하는 경우 혼동을 일으킬 수 있다는 건데, 재판부는 실제 영탁막걸리 출시 이후 매출이 4,000% 넘게 증가한 점을 근거로 삼았습니다.  길기범 기자입니다.【 기자 】  트로트 가수 영탁 씨가 신선 복장을 하고 찍은 영탁막걸리 광고입니다.  예천양조는 2020년 영탁막걸리를 출시하며 영탁 측과 1년 계약을 맺었습니다.  하지만, 이후 광고모델 재계약 협상이 결렬되면서 양측의 갈등은 불거졌습니다. 예천양조는 영탁 측이 무리한 금액을 요구했고, '영탁'이라는 이름은 예천양조 회장의 이름을 따서 만든 것이라며 상표 사용을 계속하겠다고 밝혔습니다.  이에 영탁 측은 ""해당 금액을 요구했다는 건 허위사실이""라며 ""상표 사용을 금지해달라""고 소송을 제기했습니다.  법원은 영탁 씨의 손을 들어줬습니다.  1심 재판부는 ""연예인의 성명이나 예명을 특정 사업에 사용하는 경우 오인과 혼동을 일으킬 수 있다""며 영탁으로 표시된 막걸리 제품을 생산·광고해선 안된다고 했습니다.   또 ""해당 제품이 가수 영탁과 밀접한 관계라고 생각할 수 있다""며 예천양조의 매출이 영탁막걸리 출시 이후 전년 대비 4,000% 이상 증가한 점 등을 판단 근거로 삼았습니다.▶ 인터뷰(☎) : 김규현 / 변호사- ""부정경쟁방지법은 국내에 널리 인식된 타인의 성명이나 상호 등을 사용하는 것을 금지하고 있는데요. 가수 영탁씨 이름도 여기에 해당한다고 판단….""  예천양조는 곧바로 항소했고 영탁 측은 ""판결을 즉시 이행하라""고 압박했습니다.  예천양조는 영탁 측의 거액 요구 관련 허위사실 유포 혐의로도 기소돼 양측의 갈등은 한동안 이어질 전망입니다.  MBN 뉴스 길기범입니다.   영상편집 : 김상진",사회
26,장마 뒤 폭염에 온열환자 속출… 하루 새 7명 사망,2023.07.30. 오후 6:31,류호 기자,"장마 종료 후 나흘간 발생 환자, 작년 2.2배주말 이틀간 사망자 10명 훌쩍 넘을 듯당분간 폭염 지속… 건강에 각별히 유의를전국 대부분 지역에 폭염특보가 내려진 30일 오후 서울 종로구 광화문역에서 한 시민이 그늘로 이동하고 있다. 열화상 카메라로 촬영한 사진은 온도가 높을수록 붉은색, 낮을수록 푸른색을 나타낸다. 뉴시스지난 26일 장마 종료를 기점으로 낮 최고기온 35~37도의 폭염이 이어지면서 온열질환자가 급증하고 있다. 그간 기록적 호우가 더위를 식히면서 온열질환이 예년보다 적게 발생했지만, 장마가 끝나자마자 일일 환자 발생 수가 지난해보다 2배 이상 뛰어올랐고 사망자 또한 속출하고 있다. 당분간 폭염이 기승을 부릴 것으로 관측되는 만큼 온열질환에 대한 각별한 주의가 필요하다.30일 질병관리청의 온열질환 응급실 감시체계에 따르면 전날 하루 동안 전국에서 온열질환자가 73명 발생한 것으로 집계됐다. 지난해 같은 날 신고된 환자 수(35명)의 2배 수준이다. 전날 전국 대부분 지역에는 폭염특보가 내려졌고, 낮 최고기온은 경북 경산이 올해 최고치인 38.1도, 경기 양평 37.9도, 대구 북구 37.6도에 달했다.이번 주초만 해도 하루 10명 안팎(24일 7명, 25일 14명)이던 온열환자 수는 장마 종료일인 26일 46명으로 급증하더니 27일 65명, 28일 70명으로 급증 추세다. 전날까지 나흘간(26~29일) 발생한 환자 수는 255명으로, 전년 동기(112명)보다 2.2배 많다.이날 행정안전부는 전날 7명의 온열질환 추정 사망자가 새로 발생했다고 밝혔다. 경남·경북 각 2명, 충북·충남·전북 각 1명이다. 이로써 올해 누적 사망자 수는 28일까지 집계된 3명을 더해 10명으로 늘었다. 지난해 사망자는 6명이었다. 여기에 주말인 29, 30일 양일간 정부 공식 집계치에 포함되지 않은 온열질환 의심 사망자가 지자체별로 속속 보고돼 그 숫자는 더욱 늘어날 전망이다.온열질환은 열에 장시간 노출됐을 때 발생하는 질환으로 두통, 어지러움, 피로감, 의식 저하 등의 증상이 나타난다. 열사병, 열탈진, 열경련, 열실신 등이 해당한다. 온열환자 수, 폭염일수와 강한 비례관계2011~2022년 온열질환자 수 및 폭염일수 추이. 질병관리청 제공질병청 감시체계가 가동된 5월 20일부터 전날까지 집계된 올해 온열질환자 수는 1,015명으로 전년 동기 환자 수(1,017명)를 곧 앞지를 전망이다. 가파른 환자 증가세는 이제부터 시작이라는 우려도 나온다. 과거 통계를 보면 온열질환자 수는 폭염일수와 강한 비례관계를 보인다. 폭염은 체감온도 기준 33~35도 날씨가 이틀 이상 지속될 때를 뜻한다. 이날 기상청 예보에 따르면 다음 달 9일까지 낮 최고기온 35도를 오르내리는 폭염이 이어지고, 기상 상황에 따라 이런 날씨가 이후로도 계속될 수 있다.질병청이 감시체계를 운영한 2011년 이후 온열질환자가 가장 많이 발생한 해는 2018년이다. 그해 4,526명의 환자가 나왔고 48명이 사망했다. 그다음은 2016년으로 환자 2,125명이 나왔다. 2018년 폭염일수는 31일, 2016년은 22일로 예년의 2, 3배 수준이었다. 폭염일수가 10.6일이었던 지난해는 1,564명의 환자가 발생했다.질병청은 자주 샤워하고 물을 마셔 체온을 내리고, 낮 12시부터 오후 5시까지는 야외 활동을 자제하라고 당부했다. 심뇌혈관질환자, 저·고혈압 환자, 당뇨병 환자, 신장질환자는 물론이고 일반인보다 체온이 높은 임신부는 온열질환에 각별히 유의해야 한다.전남 담양 지역에 나흘째 폭염 경보가 이어지고 있는 가운데 30일 오후 담양군 관방제림 주변 분수광장에서 아이들이 물을 맞으며 뛰어놀고 있다. 뉴시스",사회
27,"‘성매수’ 현직 판사, 10건의 성매매 판결에선 ""사회적 해악..엄벌해야"" 질책",2023.07.31. 오전 6:57,문영진 기자,"연합뉴스 [파이낸셜뉴스] 평일 대낮에 성매매를 하다 적발된 현직 판사가 과거 성매매 사건을 다수 다뤘던 것으로 파악됐다. 이 판사가 배석한 재판부는 성매매 알선 행위에 대해 “여성의 성을 상품화했다”고 비판하며 “비자발적인 성매매 또는 강요·착취 등을 유발할 수 있어 엄벌할 필요성이 있다”고 질책한 것으로 드러났다.   30일 법조계에 따르면 대법원 열람 시스템에 올라온 최근 10년간 선고된 형사 사건 판결문 중 성매수 혐의로 적발된 A(42)판사가 이름을 올린 성매매 관련 판결문은 최소 10건이다.   A판사는 지난 2021년 형사항소 합의부 배석판사로서 재판에 참여했다. 합의부는 재판장 1명과 배석판사 2명으로 구성되는데, 한 사건을 맡게 되면 그 중 한 명이 ‘주심’을 맡아 사건을 심리한다. 재판 절차가 종결되면 세 판사가 머리를 맞대는 합의 절차를 거쳐 유무죄와 형량 등을 결정한다.   A판사가 소속된 재판부는 지난해 1월 1심에서 징역 8개월에 집행유예 2년, 추징금 1755만원이 선고된 성매매업소 업주의 항소를 “부당하다고 볼 수 없다”며 기각했다.   또 2021년 9월에는 성매매 알선 업주 3명의 항소심 판결문에서 “피고인들은 여성의 성을 상품화해 스마트폰 앱에 광고 글을 올려 성매수 남성을 물색했다”며 ‘엄벌 필요성’을 강조했다.   다른 유사 성행위 알선 항소심 판결문에서는 “수시로 이뤄지는 경찰 단속 등을 피하기 위해 CCTV를 설치하고 문을 잠근 채 예약제로만 운영하는 등 이 사건 업소 운영의 불법성을 잘 인식하고 있었던 것으로 보인다”며 이들의 항소를 기각했다.   스마트폰 채팅 앱에서 만난 여성 청소년들에게 거액을 약속하고 성매수를 한 혐의로 기소된 남성에게도 징역 3년6개월의 실형을 선고했다.   이 같은 성매매 알선 등의 판결에 참여해 온 법관이 성 매수 피의자로 전락한 것이다.   A판사는 지난달 22일 오후 4시쯤 서울 강남구의 한 호텔에서 조건만남 애플리케이션(앱)을 통해 만난 30대 여성에게 15만원을 주고 성매매를 한 혐의를 받는다. 경찰은 이날 오후 6시 호텔 방에서 여성을 붙잡은 뒤 현장을 떠난 A판사의 신원을 특정해 입건했다. A판사는 업무 관련으로 서울 출장 중이었다고 진술한 것으로 알려졌다.   경찰은 지난 24일 A판사를 성매매처벌법 위반 혐의로 검찰에 불구속 송치했고, 서울중앙지검 여성아동범죄조사1부(부장검사 김은미)가 수사를 맡았다.   한편 법원행정처는 A판사가 맡고 있는 형사재판 업무를 오는 8월부터 배제하기로 하고 이와 별도로 징계 절차를 논의할 것으로 전해졌다. #현직판사성매매 #성매매판결참여",사회
28,"‘장난? 량차이?’…지하철 중국어 안내방송, 우리말 변경",2023.07.31. 오전 8:16,권남영 기자,"지하철 2호선 강남역. 뉴시스지하철 2호선 강남역과 3호선 양재역에서 나오는 중국어 도착 안내방송이 8월부터 우리말 고유명사로 바뀐다.31일 서울교통공사는 강남역과 양재역 중국어 안내방송 시 역명 발음을 ‘장난(강남)’과 ‘량차이(양재)’에서 우리말 원음으로 변경한다고 밝혔다.강남역과 양재역의 중국어 안내방송은 2016년 신분당선 개통에 맞춰 중국 관광객 활성화를 위해 현재까지 시범운영돼 왔다.그간 우리말 고유명사로 방송되는 대부분 역사와 달리 두 역사만 중국어 원음으로 송출돼 혼란스럽다는 지적이 일었다.공사 관계자는 “국제적으로 지하철 역명은 해당 국가의 고유명사로 발음해 송출하는 것이 관례인 만큼 두 역의 안내방송을 우리말 원음으로 교체하기로 했다”고 설명했다.공사는 방송 문안의 적정 여부를 한국관광공사로부터 감수받아 중국어 전문 성우를 섭외해 녹음한다. 새로운 음원은 8월 19일부터 2호선 75개 전동차, 3호선 49개 전동차에 차례로 적용한다.이후 추가 건설되는 역사에서도 우리말 고유명사로 안내방송을 제작해 송출할 예정이다.",사회
29,KT 상대로 통화 시 기지국 위치 공개 요구…대법 “공개 의무 없어”,2023.07.31. 오전 6:02,박정수 기자,"오픈넷 상근변호사 공익 목적 소송 제기개인정보열람청구권, 얼마나 보장되는지 등1심 원고 승→2심 원고 패…“기지국 위치, 개인정보 아냐”대법 “통신서비스 이용계약에 기지국 위치 제공 의무 없어”[이데일리 박정수 기자] 이동통신서비스 이용자가 이동통신사를 상대로 발신기지국 위치 공개를 구할 수 없다는 대법원 첫 판결이 나왔다. 대법원(사진=이데일리 방인권 기자)대법원 1부(주심 대법관 김선수)는 이동통신서비스 이용자 A씨(사단법인 오픈넷 상근변호사)가 KT(030200)를 상대로 제기한 공개 청구 소송에서 원고 패소판결한 원심을 확정했다고 31일 밝혔다. A씨는 2015년 6월 KT와 3세대 이동통신 서비스 이용계약을 체결하고 원고 명의의 휴대전화를 개통해 이용해 왔다. 이후 A씨는 2016년 6월 KT에게 피고가 수집·보유하고 있는 ‘통화·문자 상세 내역(착신 전화번호, 통화일시, 사용도수, 기지국 정보)’ 정보에 관해 열람을 신청했으나, KT는 해당 정보가 제3자의 정보이거나 피고가 수집·보유하고 있지 않다는 이유로 이를 거절했다. 이에 A씨는 우리나라에서 개인정보열람청구권이 얼마나 실질적으로 보장되고 있는지 등을 알아보기 위한 공익 목적으로 이 사건 소를 제기한다고 주장하면서 KT를 상대로 구 ‘정보통신망 이용촉진 및 정보보호 등에 관한 법률’ 제30조 제2항 제1호 또는 위 이용계약에 따른 통화·문자 상세내역 정보의 공개를 구했다. 1심에서는 원고 승소판결했다. 1심 재판부는 “원고의 통화·문자 상세내역 정보는 구 정보통신망법 제2조 제1항 제6호에 따른 개인정보에 해당한다고 보기 어려우므로, 구 정보통신망법 제30조 제2항 제1호에 따른 공개 청구는 받아들이지 않는다”고 했다. 다만 “피고는 개인정보 처리방침에 따라 원고의 통화·문자 상세내역 정보를 공개할 의무가 있다고 보아 피고의 개인정보 처리방침에 기한 공개 청구는 받아들인다”고 판시했다. 1심 중 KT는 A씨에게 원고가 요구하는 발신통화 내역을 제공했는데, 여기에는 동 단위가 표시된 기지국의 주소가 포함돼 있었고, 원고는 원심에서 발신통화 내역에 관한 기지국의 지번 주소 또는 허가번호의 공개를 구하는 것으로 청구취지를 교환적으로 변경했다. 2심에서는 교환적으로 변경한 원고의 청구를 기각했다. 2심 재판부는 “원고의 휴대전화 단말기가 발신했을 때 접속한 기지국의 위치에 관한 정보는 구 ‘위치정보의 보호 및 이용 등에 관한 법률’상 개인 위치정보나 위치정보 또는 구 정보통신망법상 개인정보에 해당한다고 보기 어렵다”고 판단했다.또 “A씨가 KT와 체결한 이동통신서비스 이용계약에 피고가 원고에게 원고의 휴대전화가 발신했을 때 접속한 기지국의 지번 주소 또는 허가번호를 제공할 의무가 포함됐다고 보기 어렵다”면서 “이용계약에 따른 공개 청구도 받아들이지 않는다”고 전했다. 대법원도 원심 판단을 수긍하며 상고를 기각했다. 대법원은 “원고의 휴대전화 단말기가 발신했을 때 접속한 기지국의 위치에 관한 정보는 원고의 위치가 아닌 기지국의 위치에 관한 것”이라며 “발신 기지국 위치만으로는 휴대전화 단말기가 어느 위치에서 발신한 것인지를 알아내는 데 한계가 있으므로, 해당 정보는 구 위치정보법상 개인 위치정보나 위치정보 또는 구 정보통신망법상 개인정보에 해당한다고 보기 어렵다”고 설명했다. 이어 대법원도 “이동통신서비스 이용계약에 피고가 원고에게 원고의 휴대전화가 발신했을 때 접속한 기지국 위치에 관한 주소를 제공할 의무가 있다는 내용이 포함됐다고 보기도 어렵다”고 판시했다.",사회
33,"이승만서 김대중까지… 역대 대통령 6명 가족, 靑 개방 1주년 특별전 함께 관람",2023.07.31. 오전 4:05,김남중 기자,"우리나라 역대 대통령 가족들이 29일 청와대 개방 1주년 특별전 ‘우리 대통령들의 이야기’를 함께 관람하고 있다. 왼쪽부터 박정희 전 대통령 아들 박지만씨, 박보균 문화체육관광부 장관, 김영삼 전 대통령 아들 김현철씨, 이승만 전 대통령 며느리 조혜자 여사, 김대중 전 대통령 아들 김홍업씨. 조 여사 뒤에는 노태우 전 대통령 아들 노재헌씨. 문화체육관광부 제공우리나라 역대 대통령 가족들이 청와대 개방 1주년 특별전 ‘우리 대통령들의 이야기’를 함께 관람했다. 여섯 대통령의 가족이 한자리에 모인 것은 처음이다.30일 문화체육관광부에 따르면 박보균 문체부 장관이 초대한 전날 모임에는 이승만 전 대통령 며느리 조혜자 여사, 윤보선 전 대통령 아들 윤상구 동서코포레이션 대표, 박정희 전 대통령 아들이자 박근혜 전 대통령 동생인 박지만 EG 대표이사 회장, 노태우 전 대통령 아들 노재헌 동아시아문화센터 이사장, 김영삼 전 대통령 아들 김현철 김영삼대통령기념재단 이사장, 김대중 전 대통령 아들 김홍업 김대중평화센터 이사장이 참석했다.참석자들은 “이런 만남은 우리 정치사에서 처음”이라며 “자학과 부정의 대통령 역사관에서 벗어나 통합과 긍정의 대통령 문화가 퍼지고 이를 다지는 계기가 되도록 노력하겠다”고 밝혔다.박지만씨는 “아버지의 가난 극복과 조국 근대화는 국민 통합을 위한 기반을 마련하기 위해서였다”며 “누나의 대통령 시절 사진 ‘저도의 추억’은 어머니가 숨진 뒤 쓰신 아버지의 시 제목인데, 어린 시절 가족 모두가 저도에서 보낸 휴가가 기억난다”고 회고했다.김홍업씨는 아버지가 최규하·전두환·노태우·김영삼 전 대통령 부부를 초청한 청와대 만찬 기념사진을 보면서 “우리 역사에서 드문 사진”이라며 “아버지는 회고록에서 그 일을 ‘국민들에게 통합의 메시지를 전달하고 싶었다. 그들과 국정 경험을 나누면서 국난 극복의 지혜를 얻고자 했다’고 말씀하셨다”고 떠올렸다.",생활/문화
34,오늘도 푹푹 찌는 폭염…곳곳 최고 80㎜ 강한 소나기,2023.07.31. 오전 9:21,황덕현 기자,"높은 습도에 체감온도 35도 안팎까지 올라중부·경북 시간당 60㎜ 집중호우 가능성도전국 대부분 지역의 낮 최고 기온이 35도에 이른 불볕 더위가 이어진 30일 열화상카메라로 본 서울 종로구 광화문광장 모습. 온도가 높을수록 붉은색으로 나타나며 상대적으로 온도가 낮은 곳은 푸른색으로 나타난다. 2023.7.30/뉴스1 ⓒ News1 김민지 기자(서울=뉴스1) 황덕현 기후환경전문기자 = 월요일인 31일에는 낮 최고기온과 체감온도가 35도 안팎까지 올라가는 무더위가 지속되겠다. 일부 지역에서는 최대 80㎜ 이상의 강한 소나기가 내리겠지만 폭염특보가 해제되는 않겠다. 31일 기상청과 환경부 등에 따르면 이날 아침 최저기온은 22~27도를 기록했다. 낮 최고기온은 29~35도로 평년(최저기온 22~25도, 최고기온 29~33도)과 비슷하거나 기온이 다소 높겠다.높은 습도에 체감온도도 35도 안팎까지 올라가 유지되겠다.무더운 날씨는 북태평양 고기압의 영향이다. 뜨고 습한 공기가 지속해서 공급되면서 전국 대부분 지역에 폭염 특보가 발효·유지되고 있다.기상청은 온열 질환 등이 발생할 수 있으니 수분과 염분을 충분히 섭취하고, 격렬한 야외 활동은 가급적 자제하라고 당부했다. 이날 대기 불안정에 따라 서울과 인천, 경기, 강원 내륙·산지, 대전, 세종, 충청, 경북 북부 내륙에 5~60㎜(많은곳 80㎜ 이상) 광주와 전라, 제주에 5~40㎜의 소나기가 내릴 수 있다.소나기는 시간당 30㎜ 내외로 강하게 내리겠다. 특히 중부 지방과 경북 북부 내륙에서는 시간당 30~60㎜가 퍼붓는 곳이 있을 수 있다.무더운 날씨는 이번주 내내 이어지며 다소 심해지겠다. 화요일이자 8월 첫날인 8월1일은 아침 최저기온은 23~27도, 낮 최고기온은 31~36도로 기온이 1~2도 더 오르겠다.중부 일부 지역에는 소나기가 내리겠다. 경기 북동부와 강원 내륙·산지에는 5~40㎜의 비가 내리는 곳이 있겠다.너울이 강하게 유입되면서 전라 서해안과 남해안, 제주 해안에는 물결이 갯바위나 방파제를 넘는 곳이 있겠다. 휴가철 해안가 등에서는 안전사고와 시설물 관리에 유의해야 한다.31일부터 8월6일까지는 달의 인력에 의해 해수면 높이가 높은 기간이다. 만조 시간대에는 해수면 높이가 더 높아질 수 있어서 해안가 저지대 침수 등에 유의해야 한다.미세먼지는 전 권역에서 '좋음'~'보통'이 예보됐다.",생활/문화
35,"롯데월드, 레저업계 최초 해외 진출···'아쿠아리움 하노이' 오픈",2023.07.31. 오전 9:39,장인서 기자,"베트남 하노이 최대 규모자체 번식 성공한 훔볼트펭귄 20마리도 진출 아쿠아리움 하노이 메콩 리버 / 롯데월드 제공 [파이낸셜뉴스] 롯데월드가 오는 8월 1일 첫 해외 지점인 ‘롯데월드 아쿠아리움 하노이’를 오픈한다.   31일 롯데월드는 ""서울 잠실 롯데월드 아쿠아리움을 운영하며 쌓아온 역량과 노하우를 바탕으로 해외에 진출한다""면서 ""국내 업계 최초로 해외지점을 내며 K-레저의 우수성을 알리는 계기가 될 것""이라고 밝혔다.   이번 해외 사업장 오픈과 함께 롯데월드 아쿠아리움에서 자체 번식에 성공한 훔볼트펭귄들도 해외 진출에 합류한다. 훔볼트펭귄은 주로 남미에 서식하는 멸종위기 1급 펭귄이다. 온도와 곰팡이 등에 민감해 사육과 번식이 어려운 것으로 알려져 있다. 롯데월드는 지난 2016년부터 올해까지 총 39마리의 홈볼트 펭귄의 부화에 성공했다. 이중 20마리가 베트남 하노이로 진출한다.   아쿠아리움 하노이는 하노이 서호구 롯데몰 웨스트레이크 내에 위치하며 9090㎡(2750여평) 규모, 약 3400여t의 수조를 보유했다. 여기에 스타생물 샌드타이거샤크, 훔볼트 펭귄, 바다사자 등 약 400종 3만1000여마리의 해양생물을 갖췄다. 베트남 하노이 최대 규모의 아쿠아리움인 만큼 롯데월드 측은 베트남 현지인은 물론 해외 방문객까지 연 100만명에 이르는 관람객이 아쿠아리움을 찾을 것으로 전망했다.   아쿠아리움 하노이는 총 650m 길이의 관람 동선에 ‘베트남 바다의 수호신 까옹이 인도하는 깊은 바다로의 여행’이라는 주제를 더해 한편의 동화 속 같은 공간을 연출했다. ‘까옹’ 전설은 베트남 어부들로부터 전해 내려오는 이야기로 폭풍우에 난파되어 어려움에 처한 배를 바다의 수호신 ‘까옹’이 구원해 가족들 품으로 안전하게 돌아가게 해준다는 스토리를 담고 있다. 베트남 내에서는 신앙처럼 여겨질 정도로 널리 알려진 이야기다.    아쿠아리움 하노이_메인 수조 / 롯데월드 제공 샌드타이거샤크, 이글레이, 자이언트그루퍼 등 1만여 마리의 해양생물이 자리 잡고 있는 메인수조에는 가로 18m, 높이 5.8m의 베트남 최초이자 최대의 커브드 아크릴 패널이 설치돼 사실감 넘치는 바다를 구현했다. 머리 위 천정에서 360도 서라운드뷰로 해양생물들의 군무를 감상할 수 있는 ‘회류 수조존’은 바닷속을 걷는 듯한 착각을 불러일으킨다. 아울러 심해 속으로 들어간 듯한 느낌을 연출한 ‘산호 정원’과 ‘난파선 터널’ 등 색다른 관람 포인트를 마련해 재미를 더했다.   이와 함께 아쿠아리움 하노이에서는 아쿠아리스트, 체험프로그램 전문가와 약 10여개의 체험프로그램을 운영한다. 샌드타이거샤크, 훔볼트펭귄, 바다사자 등을 포함한 베트남 최다 해양생물 생태설명회를 진행한다. 모든 설명회는 각 생물 담당 전문 아쿠아리스트가 진행을 맡아 전문성을 높였다.   아쿠아리움 하노이는 관람 시설을 넘어 해양 생태계 보전과 생명존중문화 함양을 위한 전문기관으로서의 역할도 수행할 계획이다. 롯데월드 아쿠아리움은 지난 4월 베트남 과학기술부 산하 열대생물연구소와 업무협약을 체결한 바 있다. 이에 따라 양 기관은 해양생물 다양성 보전 및 연구를 위해 협력을 이어가고 있다.   최홍훈 롯데월드 대표이사는 “롯데월드 아쿠아리움 하노이가 해양생물 전시를 넘어 멸종위기 해양생물의 종 보전을 이어가고 해양보전에 대한 새로운 가치를 공유해 해양생물과 관람객이 모두 함께 긍정적인 에너지를 교감할 수 있는 공간이 되기를 기대한다”고 밝혔다.",생활/문화
37,"변덕스러운 날씨, 폭염·호우 특보가 동시에",2023.07.31. 오전 3:51,박상현 기자,"서울 지하철·열차 운행 한때 중단8월 10일까지 한증막 더위 계속낮엔 무더위, 밤엔 소나기 - 불볕더위가 전국을 달군 30일 경북 청도군 운문사 계곡을 찾은 피서객들이 물줄기를 맞으며 더위를 식히고 있다(왼쪽 사진). 이날 오후 중부 지방에는 대기 불안정으로 호우 특보가 발효됐다. 갑자기 소나기가 쏟아진 종로 거리에서 한 시민이 우산을 쓰고 걷고 있다(오른쪽 사진). /뉴시스·뉴스1										30일 서울 등 중부지방 일부에선 폭염 특보와 호우 특보가 동시에 발효됐다. 낮에는 폭염, 저녁에는 강한 소나기를 기록하며 날씨가 변덕을 부렸다. 이날 폭우로 서울 지하철 1호선 서울역~금천구청역 구간과 열차가 다니는 경부선 영등포역~구로역 구간의 양방향 운행이 한때 중단됐다.기상청은 31일 전국 한낮 기온이 최고 35도를 기록하는 등 불볕더위가 맹위를 떨치겠다고 30일 밝혔다. 폭염 특보는 30일 오전 전국으로 확대됐다. 하루 중 폭염과 폭우가 동시에 나타나는 날씨는 적어도 말복(末伏)인 다음 달 10일까지 이어질 전망이다. 열기가 식어야 할 밤사이 해상에서 뜨거운 공기가 활발하게 들어오며 열대야(熱帶夜·최저기온 25도 이상)로 잠 못 드는 밤도 이어지겠다.폭염 원인은 북태평양 고기압 가장자리에서 우리나라로 유입되는 뜨거운 수증기와 구름 없는 하늘로 내리쬐는 강한 햇볕이다. 한증막에 갇힌 듯 열기가 고조되고 있다. 여기에 4년 만에 발달한 ‘엘니뇨’ 여파로 우리나라에 고온 다습한 수증기가 더 들어오고 있다. 예년보다 한반도가 빠르게 달궈지는 상황이다.한동안 강한 소나기도 예고됐다. 열기가 대기에 쌓이면서 대기 불안정을 유발해 한 번씩 비를 쏟아내는 것이다. 소나기는 돌풍과 천둥·번개를 동반해 시간당 30㎜ 안팎으로 강하게 퍼붓겠다. 폭염과 강한 소나기가 반복하는 변덕스러운 날씨가 전국에서 나타나겠다.",생활/문화
38,"SKT, 내일부터 갤럭시Z플립·폴드5 사전예약 시작",2023.07.31. 오전 9:03,박해린 기자,"[SKT 제공]SK텔레콤은 8월 1일부터 7일까지 갤럭시Z플립5·폴드5 단말 사전예약을 진행한다고 7월 31일 밝혔다. 사전 개통은 8월 8일, 공식 출시는 11일이다.SKT는 삼성전자와 함께 사전구매 시 기본 저장용량을 256GB 512GB로 2배 향상하는 '더블 스토리지' 혜택을 기본으로 제공한다. 삼성케어플러스 12개월 이용권 및 각 기종별 정품 케이스 1종도 기본 혜택이다.SKT는 이번 갤럭시Z5 구매자에게 '5! 마이 원더플립' 캠페인을 진행한다. 갤럭시Z5가 청년 이용 비중이 높다는 점을 감안해 0청년 가입자 중심의 추가 혜택을 마련했다.SKT는 8월 1일부터 0청년 요금제 가입자 선착순 10만명에게 응모만 해도 100% 당첨되는 '럭키 0복권' 프로모션을 진행한다. 복권을 긁어서 나오는 0의 개수에 따라 'CU 상품권' 1000원부터 최대 2만원까지 즉시 지급하는 방식이다.사전예약 고객 선착순 5만명에게는 네이버페이 포인트 500원부터 최대 2만원까지 100% 당첨되는 '꽝 없는 복불복' 프로모션을 진행한다. 8일부터 시작되는 사전개통 고객을 대상으로는 총 9개 국가별 여행 경비를 지원하는 '세계여행 부루마불' 프로모션을 진행한다. 주사위를 굴려 나온 뉴욕, 시드니, 두바이, 다낭, 오사카, 런던, 로마, 발리, 부산 등 해당하는 도시를 여행할 수 있는 최대 300만원 상당의 하나투어 상품권 또는 기프티콘(5000원권)을 제공한다.갤럭시Z5 출시에 맞춰 청년 전용 요금제인 0 청년 요금제 혜택도 강화한다. 매달 커피·영화 50% 할인 1회, 로밍 상시 50% 할인과 공유·테더링 데이터를 기존 요금제 대비 50GB 추가로 제공하는 방식이다. 이외에도 10일, 20일, 30일 '0데이', 7일부터 18일까지 'T데이'를 운영하며 해당 기간 청년 혜택을 준비했다.군인 가입자를 위한 혜택도 마련했다. 0 청년 요금제와 0 히어로 할인제도를 동시 가입한 군인 가입자를 대상으로 커피·영화 혜택을 8월부터 최대 월 2회 제공한다. 군인 신분을 인증한 군인 가입자가 갤럭시Z5를 구매할 시 10만원 상당의 네이버페이를 제공한다는 방침이다.이외에도 SKT는 8월부터 10월 26일까지 갤럭시Z5를 포함한 다른 디바이스 신규가입·기기변경 가입자에게 '우주패스 플러스 구독'을 3개월 간 무료로 제공할 예정이다.김지형 SKT 통합마케팅전략담당은 ""청년 고객들의, 선호도가 높은 갤럭시Z폴드5·플립5를 구매할 때 SKT만의 색다른 혜택을 느낄 수 있도록 '5! my wonderflip' 캠페인을 준비했고, 0청년에게는 특별한 혜택을 추가로 준비했다""며 ""앞으로도 더 많은 가입자가 SKT에서만 느낄 수 있는 새롭고 다양한 혜택을 경험할 수 있도록 노력하겠다""고 밝혔다.",IT/과학
39,[알림]메타버스 혁신 기업을 발굴합니다,2023.07.31. 오전 5:31,최우영 기자,"메타버스이노베이션대상머니투데이가 메타버스 혁신기업을 발굴합니다.메타버스는 인터넷과 모바일에 이은 제 3의 디지털 공간으로서 다양한 산업분야에서 혁신을 이끌고 있습니다. 최근 생성형AI 열풍으로 메타버스에 대한 관심이 다소 주춤했지만, AI와의 결합을 통해 메타버스의 활용성은 더욱 커질 전망입니다.이에 머니투데이는 과기정통부, 한국메타버스산업협회와 함께 분야별 '메타버스 혁신기업'과 적용사례를 신청받아 하반기중 머니투데이 지면과 온라인 기사로 소개합니다. 신청기업들은 오는 12월 열리는 과학기술정보통신부 주최 '메타버스 이노베이션 어워드'의 후보 기업으로 자동 등록됩니다.대상 기업은 정부 공공분야, 민간기업의 메타버스, 가상융합기술(XR), 디지털트윈 관련 솔루션 및 서비스이며 혁신성과 공익성, 경제성 등 평가기준에 따라 산·학·연 전문가로 구성된 심사 위원회가 선별합니다.응모 기관·기업은 행사 홈페이지(www.mt.co.kr/k-meta)에서 지원 양식을 내려받아 작성뒤 이메일로 제출하면 됩니다. 선정기업은 개별연락합니다. 문의 02-724-7781",IT/과학
40,"KT 로봇 사업, 제조 아닌 '서비스' 관점에서 접근하는 이유",2023.07.30. 오전 9:01,김수민 기자,"최지훈 KT 융합기술원 로봇지능프로젝트팀장이 지난 27일 서울시 서초구 우면동에 위치한 KT융합기술원에서 회사의 로봇 플랫폼 R-Brain에 대해 설명하고 있다. (사진=KT)""앞으로 로봇 시장에서 플랫폼이 굉장히 중요할 것으로 봅니다. 우리는 적은 인력으로도 수만대의 로봇을 케어할 수 있는 역할을 하겠습니다""최지훈 KT 융합기술원 로봇지능프로젝트팀장과 권명은 책임연구원은 지난 27일 서울시 서초구 우면동에 위치한 KT융합기술원에서 <블로터>와 만나 R-Brain 중심의 서비스 로봇 시장 확대 계획에 대해 설명하며 이같이 말했다.R-Brain은 수천대의 로봇에서 초단위로 수집한 데이터를 분석해 설치부터 운영까지 최적화 작업을 수행하는 KT의 로봇 데이터 분석 시스템이다. KT는 현재 방역로봇, 서빙로봇 등 시중에 수천대의 로봇을 서비스하고 있는데, 여기에 지난 2022년 10월부터 R-Brain을 접목해 운영 최적화에 나서고 있다.지금까지 로봇 플랫폼이란 개념은 로봇 제조사가 자체적으로 데이터를 수집해 운영을 최적화는 방식이었다. 상용 로봇 전체를 아우르는 플랫폼, 즉 다양한 공급처에 공통적으로 적용할 수 있는 로봇 관제 시스템은 R-Brain이 처음이다.KT는 로봇 디바이스 판매가 아닌, 서비스를 제공하는 사업자로 초점을 맞췄다. 최 팀장은 ""대기업의 경우 로봇 제작, 관제, 마케팅까지 모두 할 수 있는 여력이 있겠지만 로봇 자체에 집중하는 중견·중소업체는 여건이 어렵다""며 ""로봇 본연의 개발에 집중할 수 있도록 하고 우리의 플랫폼을 통해 서비스를 연결시켜 마케팅까지 확대할 수 있는 그런 플랫폼을 만들고 있다""고 설명했다.R-Brain은 수천대의 로봇에서 초 단위로 하루 6000만건의 데이터를 분석한다. 로봇은 확률적으로 완벽하게 움직일 수 없다. 그보다는 운영 상의 오류 확률을 줄이는 것이 중요하다. R-Brain은 수집된 로봇들의 데이터를 학습·분석해 로봇의 설치부터 운영, 오작동 관리 등 최적화 작업을 수행한다. 최 팀장은 ""로봇은 전자적인 부품 등 기기적 문제도 있지만 현장에서 발생하는 사소한 오류도 많다""며 ""R-Brain을 활용해 이를 최대한 빠르게 인지하고 해결할 수 있다""며 ""최소한의 운영 인력만으로 수천대, 수만대의 고객을 케어할 수 있는 플랫폼을 만들고자 한다""고 말했다.KT가 실제로 R-Brain 플랫폼을 도입한 후 올해 상반기 로봇 품질 데이터를 분석한 결과 품질 관련한 고객 문의가 기존보다 65% 가량 감소한 것으로 나타났다. 또, KT가 원격으로 고객의 로봇 서비스를 지원하는 비율은 33%를 차지했는데, 올해 말에는 50%를 넘을 것으로 예측된다.최 팀장은 ""이전에는 고객이 불만이 쌓인 상태에서 VOC(Voice of Customer)를 제기했다면, R-Brain을 활용하면 고객이 오류를 인지하기 전에 우리가 해결할 수 있다""며 ""아직 기술 개발 단계지만 사업장별 고객 환경 맞춤형으로 로봇을 동작시키는게 우리의 목표""라고 말했다.KT R-Brain이 로봇 데이터를 분석하고 있는 모습. (사진=KT)R-Brain에 적용된 핵심 기술은 크게 △운영 지능 △서비스 지능 △사업 지능 등 3가지다.먼저 운영 지능은 로봇의 설치 및 운영 과정에서 발생할 수 있는 문제를 신속하게 파악해 해결책을 제시하는 기술이다. 지도와 로봇의 주행경로, 센싱 정보 등을 화상 처리와 머신러닝 알고리즘을 이용해 분석한 후 로봇의 장애 상황을 예측한다. 주로 모바일 로봇을 대상으로 자율주행용 지도 설치 과정에서의 오류, 금지구역 침범, 자율주행 오작동 등의 문제를 해결한다. 이 기술을 활용하면 로봇 제조사에 관계없이 모든 로봇에 동일한 서비스를 제공할 수 있다.서비스 지능은 고객의 환경과 요구에 맞게 로봇 기능을 최적화하는 기술이다. 로봇이 고객의 상황을 인지해 그에 맞는 맞춤형 서비스를 제공할 수 있는 점이 특징이다. 예를 들어 AI 자동방역 로봇을 R-Brain 내 공기질 솔루션과 연동하면 로봇이 방역을 수행하는 주기와 구역 등을 판단해 방역을 자동으로 진행한다.사업 지능은 로봇의 도입부터 운영까지 전 과정을 관리하는 기술이다. 이 기술로 로봇의 작업 기록을 분석한 후 고객에게 로봇의 활용도를 높일 수 있는 방법을 제시한다. 고객은 로봇 서비스의 효용성을 확인해 최적화된 활용 방법을 파악할 수 있고, KT는 로봇 서비스를 개선해 고객의 요구에 정확히 대응할 수 있다.최 팀장은 ""향후 로봇과 AI가 결합되면서 로봇 기술이 한단계 진화할 것으로 전망된다""며 ""우리는 로봇 제조사와 AI 서비스를 연결하는 플랫폼 역할을 수행하며 로봇 기술의 진화를 좀더 빠르게 앞당길 계획""이라고 말했다.",IT/과학
41,갤Z5 작년보다 1.5배 더 판다…노태문의 승부수,2023.07.30. 오전 10:01,박준호 기자,"갤럭시 언팩 2023에서 환영사하는 노태문 삼성전자 MX사업부장 사장. 이동근기자 foto@etnews.com삼성전자가 갤럭시Z플립5·폴드5를 앞세워 올해 폴더블폰 판매량을 50%이상 확대하는 것을 목표로 내세웠다. 세계 폴더블 시장 전체 성장률에 준하는 판매 증가세를 이어가며 시장을 주도한다는 목표다.30일 업계에 따르면, 삼성전자는 올해 폴더블폰 판매를 지난해보다 1.5배가량 늘린다는 내부 목표를 세웠다. 지난해 연간 판매량이 1000만대였으니, 올해 1500만대 이상 판매하겠다는 의미다.노태문 삼성전자 MX사업부장 사장은 최근 기자간담회에서 “경제 등 대외 환경이 어렵지만 이번 신제품에 대한 초기 반응을 볼때 글로벌 전체 폴더블 시장 성장률에 준하는 성장이 가능할 것”이라고 말했다.삼성전자는 갤Z5가 글로벌 사전예약에서 기대 이상의 호응을 얻으며, 목표치를 높여 잡았다. 갤럭시Z 시리즈 누적 판매량은 올해 3000만대를 넘을 전망이다. 삼성전자는 2025년 갤럭시Z 시리즈 판매량이 갤럭시S 시리즈를 추월할 것으로 보고 있다.노 사장은 “올해 전세계서 판매되는 갤럭시 플래그십 모델 중 폴더블이 차지하는 비중이 20%에 달할 것”이라며 “국내는 이보다 높은 3대 중 1대가 폴더블폰 판매일 것으로 예상한다”고 말했다.폴더블폰 시장이 예상보다 빠르게 커지고 있다는 점은 긍정적이다. 카운터포인트는 2027년 글로벌 폴더블폰 출하량이 1억대를 돌파할 것으로 예상했다.노태문 삼성전자 사장이 28일 서울 서초구 삼성전자 서초사옥에서 기자간담회를 진행하고 있다.삼성전자는 폴더블 대중화를 위해 글로벌 시장 공략에 집중한다. 아직 세계 스마트폰 시장의 폴더블폰 비중은 한 자릿수다. 글로벌 시장을 잡아야 목표 달성이 가능하다. 삼성전자는 현지 콘텐츠에 맞춰 폴더블을 최적화하고 차별화 가격 정책을 유지한다. 갤Z5 판매가는 소폭 인상된 국내와 달리 달러 기준 가격은 동결했다. 중국과 인도 등 신흥 시장에서도 현지 출고가는 기존 수준을 유지했다. 언팩에는 40여개국 700여명 외신 기자를 초청했다.삼성이 폴더블에 힘을 주는 것은 미래 핵심 고객인 1020대의 아이폰 쏠림 현상을 견제하기 위한 이유도 있다. 이달 한국갤럽 조사에 따르면 국내 18~29세의 아이폰 사용률이 65%로 집계됐다. 이번 언팩에서 갤럭시Z플립5를 전면에 내세운 것도 디자인면에서 1020대를 공략에 적합하다는 판단에 따른 전략으로 풀이된다. 노 사장은 “특정 계층에서 갤럭시 선호도가 평균 대비 떨어지는 부분에 대해 마케팅 측면에서 열심히 분석하고 있다”고 말했다.",IT/과학
42,[뉴스잇(IT)쥬]삼성 첫 韓 언팩 개최…폴더블폰 1000만대 이상 판매 목표,2023.07.30. 오후 2:29,윤지원 기자,"이달 26일 K팝 스타와 함께한 코엑스 '언팩'…5번째 폴더블폰KT 대표 후보자 3인 선정…정부, 우주항공청 청사진 공개[편집자주] 정보통신기술(ICT)은 어떤 산업보다 빠르게 변화합니다. 그 안의 다양한 이해관계가 맞물려 소용돌이 치는 분야이기도 하지요. ICT 기사는 어렵다는 편견이 있지만 '기승전ICT'로 귀결되는 4차 산업혁명 시대에 그 중요성은 날로 커지고 있습니다. 전문적인 '그들만의 뉴스'가 아닌 개개인의 일상 생활과도 밀접한 분야죠. 민영통신사 <뉴스1>은 한주간 국내 ICT 업계를 달군 '핫이슈'를 한눈에 제공합니다. 놓쳐버린 주요 뉴스, [뉴스잇(IT)쥬]와 함께 하실래요?26일 서울 강남구 코엑스에서 열린 '갤럭시 언팩 2023' 행사 내 체험존에서 취재진을 비롯한 참석자들이 Z플립5, Z폴드5, 갤럭시 탭S9 등을 체험하고 있다. 2023.7.26/뉴스1 ⓒ News1 김민지 기자(서울=뉴스1) 윤지원 기자 = 삼성전자(005930)가 지난 26일 국내 첫 갤럭시 언팩(신제품 발표) 행사를 열었다. 갤럭시S23 등 판매 호조로 올 2분기 모바일 사업부문 영업이익 두자릿수 성장세를 기록한 삼성전자는 올해 폴더블폰 1000만대 이상을 판매하겠다는 목표를 내놨다.KT(030200)는 대표 공석으로 비상경영체제에 돌입한 지 약 4개월 만에 차기 대표 후보자로 김영섭 전 LG CNS 사장, 박윤영 전 KT 사장, 차상균 서울대 교수 3인을 선정했다. KT 이사회는 심층 면접을 거쳐 이들 중 한명을 후보자로 최종 낙점한다. 정부가 우주항공청 청사진을 발표했다. 과학기술정보통신부는 인력 최대 300명, 예산 약 7000억원 규모로 운영될 것으로 내다봤다. 다만 국회에서 관련 법안을 논의 중인 만큼 이번 청사진이 확정은 아니다.아이브 장원영이 26일 서울 강남구 코엑스에서 열린 '갤럭시 언팩 2023' 행사에서 갤럭시 Z플립5를 공개에 참석하고 있다. (공동취재) 2023.7.26/뉴스1 ⓒ News1 김민지 기자◇얇아지고 빈틈 줄어든 갤럭시 플립·폴드5…내달 11일 출시 삼성전자가 이달 26일 서울 강남 코엑스에서 국내 첫 언팩을 열고 다섯번째 폴더블폰을 선보였다. 갤럭시Z플립·폴드5는 '플렉스 힌지'가 적용돼 주름과 두께가 줄었고 접었을 때의 빈틈이 최소화됐다.판매가는 전작보다 비싸졌다. 플립5는 256GB가 139만9200원, 512GB가 152만200원이다. 폴드5는 256GB 209만7700원, 512GB가 246만700원이다. 제품은 8월11일에 공식 출시된다. 사전 판매 기간은 8월1일부터 7일까지다. 국내에서 처음 열린 언팩에는 유명 K팝 가수들이 대거 참석했다. 이날 방탄소년단(BTS) 멤버 슈가뿐만 아니라 아이브 장원영, 트와이스 정연, 스트레이키즈 등이 자리했다. 올 2분기 모바일경험(MX)·네트워크(NW) 부문 실적이 전망치를 상회한 가운데 올해 폴더블폰 목표 판매량으로 1000만대를 제시했다. 노태문 삼성전자 MX사업부장(사장)은 지난 28일 서초사옥에서 기자 간담회를 열고 ""국내 갤럭시 플래그십(최상위) 폰 3대 중 1대를 폴더블로 판매할 것""이라며 ""올해 글로벌 폴더블 판매 비중이 전체 갤럭시 플래그심의 20%를 넘어설 것""이라고 말했다.사진은 이달 20일 오후 서울 kt 광화문 빌딩 모습. 2023.7.20/뉴스1 ⓒ News1 박지혜 기자◇KT 차기 대표 후보 차상균·김영섭·박윤영 3파전KT는 지 27일 차기 대표 후보자로 김영섭 전 LG CNS 사장, 박윤영 전 KT 사장, 차상균 서울대학교 교수 등 3명을 선정했다.이달 12일까지 대표 후보를 공개 모집한 결과 사외 후보자 27명, 사내 후보자 약 11명이 지원한 것으로 알려졌다. 이후 이사후보추천위원회가 약 3주간 서류 심사 및 비대면 인터뷰를 진행했다.추천위는 외부 전문가로 구성된 인선자문단의 의견을 종합 고려해 3인을 선정했다고 전했다.김영선 전 사장은 1959년생으로 1984년 LG상사 전신인 럭키금성상사에 입사해 LG CNS 대표까지 맡은 'LG맨'이다. 2014년에는 KT 경쟁사 LG유플러스 최고재무책임자(CFO)를 지냈다. 1962년생인 박윤영 전 사장은 1992년 KT 전신인 한국통신에 입사한 'KT맨'이다. 2019년 KT 대표 자리를 놓고 구현모 전 대표와 경합을 벌였으나, 구 전 대표에 밀렸다. 지난 2월 구 전 대표가 연임을 포기한 후 차기 대표 후보자 4인 중 하나로 뽑혔으나 윤경림 KT 트랜스포메이션부문장이 최종 선정됐다. 1958년생인 차상균 교수는 이석채·황창규 KT 회장 시절인 2012~2019년 KT 사외이사를 지냈다. 이후 서울대 빅데이터연구원장, 서울대 데이터사이언스대학원 초대 원장 등을 역임했다. KT는 다음  첫째주 최종 후보를 확정할 전망이다. 이후 8월 말 주주총회를 거쳐 신임 대표가 공식 선임된다. 주총 의결 기준은 참여주식의 60% 이상 찬성이다.◇300명 이내·7000억원 규모 우주항공청 청사진 발표이달 27일 과기정통부는 '우주항공청 설립·운영 기본계획'을 발표했다. 우주항공청은 우주항공 정책을 세우고 연구개발·기술 확보·인력 양성 등을 주도하는 조직이다. 과기정통부는 300명 이내 인력 규모로 약 7000억 규모의 예산이 투입될 것으로 내다봤다 청장, 차장, 본부장을 두고 △발사체 부문 △우주과학·탐사 부문 △인공위성 부문 △첨단항공 부문 △우주항공정책 부문 △우주항공 비즈니스 부문 △우주항공 국제협력부문 등으로 나뉜다. 우주항공청이 설립되면 국방부, 과기정통부 등 각 부처에서 수행하던 우주항공 업무도 청으로 이관된다. 그러나 이번 안이 확정은 아니다. 현재 국회에서 우주항공청 설립 등 관련 법안을 논의 중이다.",IT/과학
43,스레드 광풍 꺾이고 트위터 간판 ‘X’로… SNS 판이 흔들린다,2023.07.31. 오전 4:10,조민아 기자,"스레드 가입 1억명 이후 이용 급감‘사용자 원하는 기능 부족’ 주요인파랑새 날려버린 ‘X’ 대대적 개편틱톡은 ‘텍스트 게시물 공유’ 도입트위터가 2006년 설립 이후 줄곧 사용한 ‘파랑새’ 로고를 버리고 지난 24일 ‘X’를 새로운 브랜드로 채택했다. 일론 머스크 트위터·테슬라 최고경영자(CEO)는 X를 ‘모든 것의 애플리케이션’으로 만들겠다면서 “트위터라는 이름은 맞지 않는다”고 밝혔다. 오른쪽 사진은 지난 7일 인도의 한 디자인회사 직원이 스레드 앱을 설치하고 있는 모습. 트위터의 대항마라는 평가를 받으면서 눈길을 끈 스레드는 출시한 지 1주일도 안 돼 가입자가 1억명을 넘었다. 하지만 최근 이용자 증가 폭이 둔화하고 있다. AFP·EPA연합뉴스SNS 시장이 지각변동을 일으키고 있다. 트위터 대항마로 주목받았던 ‘스레드’는 출시 한 달도 안 돼 시들한 모습을 보인다. 트위터는 ‘파랑새’ 대신 알파벳 ‘X’로 대표 이미지를 바꾸면서 대대적 개편에 돌입했다. 틱톡은 ‘텍스트 게시물’을 공유하는 기능을 도입하고 나섰다.30일 트래픽 통계 사이트 시밀러웹에 따르면 스레드의 일일 활성 사용자 수(DAU)는 지난 23일(현지시간) 기준으로 1260만명가량에 이르렀다. 지난 7일 최고치(4900만명)와 비교하면 75% 가까이 급락했다. 트위터 DAU의 12% 정도에 불과한 수준이다. 사용자들이 스레드 앱에서 보낸 시간도 출시 직후의 하루 평균 21분에서 최근 1주일간 5분 미만으로 줄었다.데이터분석업체 퀴버퀀터테이티브는 스레드 가입자 수를 지난 28일 기준 1억1900만명으로 추산했다. 지난 10일 정보통신(IT) 플랫폼 가운데 가장 빠른 속도로 1억명에 도달한 뒤로 증가세가 꺾였다. 마크 저커버그 메타 최고경영자(CEO)는 27일 직원들에게 “가입자 1억명 이상이 모두 혹은 그중 절반이라도 앱에 머문다면 이상적일 것이다. 우리는 거기에 아직 도달하지 못했다”고 말했다. 이어 “이용자 감소 현상은 정상적”이라며 “검색이나 데스크톱 버전 등 여러 기능을 추가하면 상황은 나아질 것”이라고 덧붙였다.스레드가 ‘흥행’을 이어가지 못하는 이유로 ‘이용자가 원하는 기능’이 부족하다는 게 꼽힌다. 스레드 메인피드에는 알고리즘에 따라 팔로우하지 않은 인플루언서나 모르는 사람의 게시물이 뜬다. 브랜드 계정 등의 광고성 게시물도 노출돼 이용자 피로도가 높아지고 있다. 검색에선 특정인 계정만 찾을 수 있다. 단어·주제별 키워드 검색 기능은 도입되지 않았다. 트위터처럼 실시간 트렌드를 보여주는 탭이 없다. 다만 자신이 팔로우하는 계정의 게시물을 시간순으로 볼 수 있는 ‘팔로잉 탭’이 새로 도입된다.시밀러웹은 “스레드는 사용자들이 습관적으로 앱을 체크하도록 만들려면, 누락된 기능을 채우는 동시에 새롭고 독특한 기능을 추가해야 한다”고 지적했다. 미국 경제매체 비즈니스 인사이더는 “트위터는 중요한 정보를 지속적으로 제공하는 것으로 인기를 끌었다면, 메타는 스레드가 인플루언서와 라이프스타일 브랜드의 모임 공간이 되기를 원한다”고 분석했다.트위터는 지난 24일부터 ‘X’로 이름과 로고를 바꿨다. 지난해 10월 일론 머스크 테슬라 최고경영자(CEO)에게 인수된 이후 1년도 안 돼 교체를 겪게 된 것이다. 머스크의 우주 항공업체 ‘스페이스 X’와 인공지능(AI) 회사 ‘xAI’에도 X가 들어가 있다. 린다 야카리노 CEO는 직원들에게 보낸 메일에서 “X는 이용자들을 만족시킬 수 있는 비디오, 오디오, 메시징, 은행 및 결제 분야 경험을 계속해서 혁신시킬 것”이라고 강조했다. X의 공식 계정에는 “세계적으로 자격 있는 크리에이터들과 광고 수익을 나누고 있다”는 공지가 올라왔다. 이달부터 X는 콘텐츠 답글이 매월 500만건 이상이면서 유료 계정(트위터 블루)에 가입했고 결제를 위한 ‘스트라이프’ 계정을 가지고 있는 크리에이터들에게 광고 수익을 지급한다.머스크는 자신의 트위터에 “말할 자유를 보장하기 위해 그리고 모든 것의 앱(the everything app) ‘X’의 가속화를 위해 인수한 것”이라고 설명했다. 그는 “몇 달 안에 종합적인 커뮤니케이션과 금융계 전반을 관리할 수 있는 기능을 추가할 것이다. 트위터라는 이름은 그런 측면에서 맞지 않는다”고 했다. 머스크는 최근 트위터의 월간 사용자가 5억4000만명을 넘은 그래프를 올리면서 “올해 새로운 기록에 도달했다”고 자랑하기도 했다.또한 중국 동영상 플랫폼 틱톡은 텍스트 게시물을 공유하는 기능을 출시했다. 글자 수 제한은 1000자 정도이고, 게시물에 음악이나 스티커 장식을 추가할 수 있다. 기존 인스타그램 스토리와 비슷하다. 틱톡은 짧고 단편적인 동영상으로 이용자들을 끌어모았고, 월간 활성 사용자는 14억명에 달한다. IT전문매체 더 버지는 “스레드 등이 트위터를 대체하려고 시도하는 시점에 나온 기능이라 주목할 만하다”며 “로고를 버린 트위터 자리에 다른 앱이 뛰어들 수 있는 창이 열려 있고, 틱톡도 관심이 있는 것으로 보인다”고 했다.",IT/과학
44,"'디지털 기술' 수출 확대, 네이버가 이끈다",2023.07.30. 오전 8:02,이승진 기자,"김유원 네이버클라우드 대표가 '하이퍼클로바X'를 소개하고 있다.정부가 디지털 기술 수출 저변 확대에 나서며 네이버에 대한 관심이 높아지고 있다. 네이버는 클라우드, 인공지능(AI) 등 다양한 기술 경쟁력을 갖추고 있어 디지털 기술 수출에 앞장설 것으로 기대된다.지난 6월 과학기술정보통신부는 디지털 분야 해외진출 및 수출 활성화 전략을 발표했다. 과기부는 SW·ICT 서비스 주요 품목이 해외 진출을 위한 특화 지원을 추진하고, 디지털 수출 영토 확대를 위해 중동, 동남아, 중남미 지역 등 신흥시장을 개척할 계획이다.정부는 오픈AI의 챗GPT와 구글 바드 출시로 AI 산업이 글로벌 화두로 떠오르면서 AI 수출을 꺼내들었다. 국산 AI가 해외에서도 활용될 수 있도록 글로벌 바우처를 신설하고 글로벌 AI 서비스 기획도 지원한다고 밝혔다.정부의 이런 정책 기조에 가장 주목받은 기업은 네이버다. 네이버는 미국 오픈AI GPT-3와 중국 화웨이 판구의 뒤를 이어 세계 3번째로 초거대 언어모델인 하이퍼클로바를 개발했다. 특히 오는 8월 24일에는 차세대 초거대 AI 모델인 ‘하이퍼클로바X'를 공개하고, 연내 여기에 기반을 둔 다양한 생성형 AI 서비스 공개도 앞두고 있다. 질의응답이나 검색을 넘어 콘텐츠 생산과 창작에서 다양하게 활용될 전망이다.하이퍼클로바X 기반 서비스 라인업.네이버가 ‘소버린 AI’를 내세워 해외 진출을 준비하고 있는 점도 디지털 기술 수출에 있어 강점으로 작용한다. 소버린 AI는 글로벌 빅테크 기업이 본격적으로 진출하지 않은 비영어권 국가들의 자체 언어 AI 모델 구축을 지원하는 전략이다. 중동과 아세안 지역 등을 중심으로 디지털 기술 수출을 이끌 수 있을 것으로 전망된다.이와 관련 하정우 네이버클라우드 AI 이노베이션 센터장은 최근 '초거대 AI 시대의 대한민국 그리고 AI 주권' 토론회에 참석해 일본어 초거대 AI 모델을 개발 중이며, 중동 시장과 동남아 시장에도 진출할 것을 밝혔다.이미 네이버는 지난 3월 사우디아라비아 자치행정주택부 및 투자부와 업무협약(MOU)을 체결해 디지털 전환에 다각적으로 협력하기로 하면서 중동 진출을 본격화해 네이버가 사우디의 네옴시티 프로젝트에 참여할 수 있다는 기대감도 높아지고 있다. 네이버는 LX한국구토정보공사와 이달 들어 디지털트윈 기술의 해외 진출을 위한 업무 협약도 맺었다.한편, 전 세계적으로 디지털 전환이 빠르게 진행되며 관련 수요도 확대되고 있다. 생성형 AI는 전 세계 시장 규모가 지난해 약 100억 달러에서 연평균 34.7%씩 성장해 2030년에는 1040억 달러 규모로 성장할 것으로 예상된다. 디지털 트윈 시장의 경우에는 2032년까지 900억 달러, 클라우드 시장은 2027년에 약 1조 4600억 달러 규모로 성장할 것으로 전망된다.",IT/과학
45,"아프리카TV, 2분기 매출·영업익 성장…플랫폼·광고 매출 ‘쑥’",2023.07.31. 오전 8:48,김정유 기자,"[이데일리 김정유 기자] 아프리카TV(067160)는 연결기준 올 2분기 영업이익 236억원으로 전년 동기대비 1.9% 증가했다고 31일 밝혔다.같은 기간 매출액은 867억원으로 전년 동기대비 11.2% 늘었고 당기순이익은 15.0% 증가한 227억원을 기록했다.올 상반기 누적으로는 매출액 1594억원으로 전년 동기대비 4% 늘었고, 영업이익과 당기순이익은 각각 420억원과 393억원을 달성했다.올 2분기에는 플랫폼과 광고 매출이 모두 성장하며 실적 상승을 견인했다. 플랫폼 매출은 전분기대비 7.8% 성장했고, 광고 매출은 74.6% 늘었다. ‘콘텐츠형 광고’ 매출이 118%나 성장하며 이를 이끌었다.올 상반기 아프리카TV는 이용자 기반으로 콘텐츠를 추천하는 개인화 서비스 ‘MY+’를 출시하는 등 플랫폼 편의성을 강화했다. 또 당구 전문 기업 ‘파이브앤식스’(Five&Six) 인수, ‘호치민 3쿠션 월드컵’ 독점 생중계, 유·청소년 축구 대회 ‘i리그’의 주요 경기 제작, 대한유소년야구연맹과 대한야구위원회가 주관하는 대회 생중계 등 생활·유소년 스포츠 생태계 확대에도 나섰다. 이 밖에도 베트남 국영방송사 VTVCab 손잡고 현지 플랫폼 서비스인 ‘온라이브’를 출시해 글로벌 확장의 기반도 마련했다.올 하반기에는 이달 인수한 디지털 마케팅사 CTTD와 함께 광고 사업 역량 강화에 나설 계획이다. 이와 함께 이용자들이 직접 다양한 확장 프로그램을 적용시킬 수 있도록 OPEN API 경진대회를 열어 플랫폼 서비스 고도화를 이어간다. 또한 숏폼 비디오 서비스 ‘캐치’를 통한 VOD 콘텐츠 강화, 독점 지식재산(IP)을 통한 시그니처·오리지널 콘텐츠 등 다양한 볼거리를 확대할 예정이다.정찬용 아프리카TV 대표는 “빠르게 변화하는 시장 환경에 따른 기회를 활용하기 위해 아프리카TV만의 강점을 기반으로 BJ, 유저, 뷰어십 확대 등 적극적인 전략을 실행해나갈 것”이라며 “이와 함께 베트남, 태국, 인도네시아 등 동남아시아를 중심으로 한 현지 파트너십을 강화해 글로벌 스탠더드 플랫폼으로의 진화를 위한 해외 시장 공략에도 적극 나서겠다”고 말했다.",IT/과학
47,"""발 밑에서 땅 흔들려""...테일러 스위프트 공연서 규모 2.3 진동 발생",2023.07.31. 오전 8:30,이유나 기자,"사진 출처=AP미국 팝스타 테일러 스위프트의 콘서트 현장에서 규모 2.3 지진과 맞먹는 진동이 발생했다고 최근 미 뉴욕타임스(NYT)와 CNN 방송 등이 보도했다.지진학자들은 지난 22∼23일 미국 워싱턴주 시애틀의 7만 명 규모 경기장인 루먼필드에서 스위프트의 공연이 진행되는 동안에 인근 관측소의 지진계에 이같은 진동이 감지됐다고 밝혔다.재키 카플란-아워바흐 웨스트워싱턴대 지질학 교수는 ""이틀간 열린 두 차례 공연 모두에서 데이터를 얻었는데 둘이 같은 패턴의 신호라는 것을 바로 알 수 있었다""며 ""(두 데이터를) 겹쳐 놓으면 거의 똑같다""고 설명했다.'스위프트 지진'은 2011년 같은 장소에서 미국프로풋볼(NFL) 시애틀 시호크스 경기 도중 관측된 이른바 '비스트 지진'보다 강하다고 지진학자들은 전했다.시애틀 시호크스 경기 당시에는 스타 선수 마숀 린치가 터치다운에 성공하자 관중들이 일제히 일어나 환호했고, 그때 관측된 진동은 규모 2.0 지진에 해당했다.규모(magnitude)는 지진의 세기를 나타내는 단위로, 지진파의 진폭이 10배 늘어날 때마다 규모가 1씩 증가하는 로그 스케일(logarithmic scale)을 사용한다.이를 고려하면 '스위프트 지진'은 '비스트 지진'과 규모 0.3 차이이지만 강도는 약 두 배에 달한다.지진학자들은 콘서트장에서 나오는 음악뿐만 아니라 팬들이 노래에 맞춰 춤춘 것을 '스위프트 지진'의 원인으로 보고 있다.땅이 흔들리는 시간 측면에서도 스위프트 팬들이 시호크스 팬들을 넘어섰다고 카플란-아워바흐 교수는 설명했다.실제로 당시 콘서트장에 있던 이들은 말 그대로 '발밑에서 땅이 흔들리는 것을 느낄 수 있었다'고 증언하고 있다고 CNN은 전했다.한편, 스위프트는 내달 로스앤젤레스에서 6차례 공연한 뒤 미국 투어를 마치고 멕시코를 시작으로 월드투어를 시작한다.",세계
48,파키스탄 정치행사에서 폭탄 테러...최소 사망 40명·부상 100명,2023.07.31. 오전 12:25,조용성 기자,"파키스탄 북서부에서 열린 정치 행사에 폭탄 테러가 벌어져 백여 명의 사상자가 발생했다고 AP와 로이터 통신 등이 보도했습니다.현지 경찰은 현지시각 30일 아프가니스탄 접경지인 카이버·파크쿤트와 주에서 열린 이슬람 강경파 정치지도자 모임에서 폭탄 공격이 발생했다고 밝혔습니다.이 사건으로 최소 40명이 숨지고 100명이 다쳤습니다.경찰은 ""부상자 일부가 중태""라며 ""사망자 수는 더 늘어날 수 있다""고 밝혔습니다.행사는 아프가니스탄 탈레반 정권과 가까운 성직자이자 특정 정당 소속인 마울라나 파즐루르 레만이 주도한 것으로 알려졌습니다.※ '당신의 제보가 뉴스가 됩니다'[카카오톡] YTN 검색해 채널 추가[전화] 02-398-8585[메일] social@ytn.co.kr",세계
49,"세계 각국, 쿠데타 발생 니제르에 원조 중단…제재도 '만지작'",2023.07.30. 오후 5:28,권영미 기자,"니제르 쿠데타를 주도한 압두라흐마네 치아니 장군이 28일(현지시간) 니아메이에서 국영 TV에 출연해 자신을 국가 수호 위원회의 의장으로 새 국가 원수라고 밝히고 있다. 2023.7.29 ⓒ AFP=뉴스1 ⓒ News1 우동명 기자(서울=뉴스1) 권영미 기자 = 최근 쿠데타가 발생한 서아프리카 국가 니제르에 대한 원조 중단이 잇따르는 가운데 제재가 부과될 가능성도 높아지고 있다.30일 AFP통신에 따르면 서아프리카경제공동체(ECOWAS) 지도자들이 이날 나이지리아 수도 아부자에서 니제르 관련한 특별 정상회담을 갖는다. 그런데 이 자리에서 제재가 논의될 수 있다는 게 전문가들의 전망이다.나이지리아 대통령 겸 ECOWAS 의장인 볼라 티누부는 앞서 28일 성명에서 ""ECOWAS와 국제사회는 민주주의를 수호하고 민주주의 통치가 이 지역에 지속적으로 확고하게 뿌리내리도록 모든 것을 할 것""이라고 밝혔다. ECOWAS는 15개 회원국 중 하나인 니제르에 제재를 가할 수 있는 권한을 가지고 있다.정상회담에 앞서 토니 블링컨 미 국무장관은 티누부 대통령과 통화하며 사태에 대한 깊은 우려를 전달했다. 이미 각국이나 각 단체는 세계 최빈국 중 하나인 니제르에 대한 원조 중단을 선언한 상태다. 니제르에 1500명의 군인이 주둔하고 있는 프랑스는 29일 니제르에 대한 개발 원조와 예산 지원을 중단한다고 발표했다. 유럽연합(EU)는 예산 지원 뿐 아니라 니제르와의 안보 협력도 무기한 중단했다. 조셉 보렐 EU 외교안보 고위대표는 ECOWAS가 제재를 포함해 어떤 향후 결정을 내리더라도 지지한다고 말했다.아프리카연합(AU)은 쿠데타 장본인들에게 2주간의 시간을 주며 헌법기관들을 다시 되돌려 놓으라고 밝혔다. 미국은 니제르에 약 1000명의 군사들을 주둔시키고 있다. 미국은 당장 원조 중단을 선언하지는 않았지만 대통령을 억류하고 있는 쿠데타 세력에게 ""미국과의 수년간의 성공적 협력과 수억달러의 원조를 원조를 위협하고 있다""고 경고했다.",세계
50,"폴란드 총리 ""바그너 용병들 우리 국경 근처로 이동…침투 우려""",2023.07.30. 오전 10:49,이홍갑 기자,"벨라루스에 있는 러시아 바그너 그룹 용병들이 폴란드의 전략적 요충지와 인접한 국경 쪽으로 이동했으며 불법 이주민으로 위장해 국경을 넘어 들어올 수 있다고 마테우슈 모라비에츠키 폴란드 총리가 경고했습니다.현지시간 29일 영국 BBC, 미국 CNN 방송에 따르면 모라비에츠키 총리는 이날 폴란드 남부 글리비체의 한 무기 공장을 방문한 자리에서 열린 기자회견에서 이같이 말했습니다.모라비에츠키 총리는 우선 ""약 100명의 바그너 부대가 폴란드, 리투아니아 국경에 가까운 벨라루스 서부 도시 흐로드나(그로드노) 근처로 이동했다""고 밝혔습니다.이 도시는 폴란드와 리투아니아 국경에서 각각 15㎞, 30㎞ 떨어진 곳으로, 폴란드와 리투아니아 사이에 뻗어있는 60마일(96㎞)의 좁은 육로인 수바우키 회랑과도 가깝습니다.수바우키 회랑은 발트해 연안의 러시아령 칼리닌그라드와 벨라루스를 연결하며, 발트 3국과 나머지 유럽연합(EU) 국가를 잇는 유일한 육상 통로입니다.만약 러시아가 이 지대를 장악한다면 사실상 발트국가들과 나토를 분리할 수 있게 되기에 전략적으로 매우 중요한 요충지입니다.이 때문에 CNN은 이 수바우키 회랑 근처에 바그너 그룹을 배치하는 것이 북대서양조약기구(NATO·나토)와 EU 회원국을 뒤흔들 수 있는 확전을 의미할 수 있다고 분석했습니다.모라비에츠키 총리는 ""그들은 아마도 벨라루스 국경수비대로 위장해 불법 이민자들의 폴란드 입국을 돕거나 아니면 불법 이민자인 척 폴란드에 침투하려 시도할 것""이라며 ""상황은 더 위험해지고 있다""고 우려했습니다.(사진=AP, 연합뉴스)",세계
51,"美경찰견 8마리 차 안에서 '떼죽음'...""33도 넘는데 에어컨 고장""",2023.07.31. 오전 9:26,임우섭 기자,"자료사진(훈련 중인 경찰견 람보).사진=연합뉴스 [파이낸셜뉴스] 극심한 폭염이 지속되는 7월, 미국에서 에어컨이 고장 난 차량에 실려 훈련 시설로 가던 경찰견들이 무더기로 폐사하는 사고가 발생했다.   30일(현지시간) 현지 경찰에 따르면 지난 27일 오후 미 중부 일리노이주 시카고 오헤어 국제공항에서 인디애나주 미시간 시의 훈련시설로 이송 중이던 경찰견 18마리 중 8마리가 차량 화물칸에서 죽은 채 발견됐다.   당시 차량을 몰던 운전자는 100㎞쯤 가다 개들이 짖어대는 소리에 인디애나주 레이크 스테이션시에 있는 고속도로 휴게소에 차를 세우면서 이 같은 광경을 목격했다.   운전자가 화물칸을 열었을 때는 이미 여러 마리가 죽어 있었고, 나머지도 기진맥진한 채 제대로 숨도 쉬지 못한 상태였다. 일부 개들은 침을 뱉거나 구토 및 경련 증상을 일으키기도 했다.   당시 화물칸은 에어컨이 고장 나 있었으며, 내부는 뜨거운 열기로 가득했고 물이 있던 그릇은 말라 있었다.   이날 시카고 지역의 낮 기온은 33.3도였다.   에어컨이 고장 난 이유는 밝혀지진 않았다. 경찰은 ""이번 사건은 동물 학대가 아닌 화물칸에 사용되던 에어컨 장치의 기계 고장 때문에 발생했다""라고 해명했다.   한편 최근 한 달 이상 미국에서 폭염이 계속되면서 미국 인구의 절반이 넘는 1억 7000만 명이 '열 주의보' 또는 '폭염 경보' 영향권에 들어갔다. #폭염 #폐사 #경찰견",세계
52,"‘비밀 호수’에 회갈색 선체… 우크라, 자체 개발 해상 드론 첫 공개",2023.07.30. 오후 10:33,박선민 기자,"우크라이나가 서방 언론을 통해 공개한 자체 개발 해상 드론 모습. /CNN 방송화면										우크라이나가 러시아를 견제하기 위해 자체 개발한 해상 드론을 서방 언론에 처음으로 공개했다. 이 해상 드론은 우크라이나와 러시아의 군사적 긴장이 높아지고 있는 흑해에서 러시아군을 공격 및 감시하는 역할을 하고 있는 것으로 알려졌다.미국 CNN 방송은 30일(현지 시각) 우크라이나의 해상 드론을 단독 공개했다. 이 해상 드론은 우크라이나가 직접 설계 및 제조한 것으로, 원격으로 제어되며 러시아군 공격은 물론 정찰 및 감시 임무에 사용된다. 특히 러시아의 흑해 함대를 잡는 것을 최우선 임무로 하고 있다고 한다.해상 드론이 위치한 정확한 위치는 공개되지 않았다. CNN은 “해상 드론은 ‘비밀 호수’ 기슭에 은밀하게 자리 잡고 있었으며, 방수포를 걷어내자 두 개의 회갈색 선체가 모습을 드러냈다”고 전했다.보도에 따르면, 우크라이나의 해상 드론은 길이 5m의 길고 폭이 좁은 회갈색의 보트 형태로 제작됐다. 보트 무게만 1000㎏이며, 폭발물을 300㎏까지 실을 수 있다. 공격 범위는 800㎞, 최대 시속은 80㎞다.우크라이나가 서방 언론을 통해 공개한 자체 개발 해상 드론. /CNN										드론 조종판은 검은 서류 가방처럼 보이는 케이스 안에 조이스틱·모니터·버튼 등으로 맞춤 제작됐다. ‘폭발’이라고 적힌 버튼 위에는 실수로 눌리는 것을 막고자 덮개가 씌워져 있다. CNN은 이 조종판을 두고 “흡사 게임용 패드처럼 보였다”고 했다. 이날 방송에는 실명 대신 ‘샤크’(Shark)라는 가명을 요구한 우크라이나 조종사가 부두 위에서 검정 서류 가방을 꺼내 들면서 해상 드론이 본격적으로 움직이기 시작하는 장면이 나왔다.우크라이나는 지난해 2월 러시아 침공 이후부터 이 해상 드론을 자체적으로 개발하기 시작했다. 익명을 요구한 한 개발자는 “해상 전력이 강한 러시아에 저항하기 위해 해상 드론 개발은 매우 중요했다”며 “러시아에 맞설 다양한 병력을 많이 갖추지 못해 우리만의 무언가를 개발해야만 했다”고 했다. 이어 “이 드론은 완전히 우크라이나 제품”이라며 “우리가 디자인하고 테스트했다. 선체 및 소프트웨어 모두 자체 생산했다”고 했다. 아울러 “이 드론의 속도는 현재 흑해 지역의 어떤 선박보다 빠르다”고 했다.지난해 10월29일 우크라이나군의 해상 드론이 러시아 흑해 함대의 한 전함과 충돌해 폭발하는 장면. 뒤쫓던 드론의 카메라가 찍은 것이다. /GeoConfirmed 트위터										우크라이나는 해상 드론을 이미 두 차례 이상 전장에 투입한 것으로 파악됐다. 우크라이나 국방부 소식통은 “이 해상 드론을 이달 케르치 다리와 지난해 10월 크림반도 세바스토폴 항구 공격에 이용했다”고 했다. 실제로 지난해 10월 29일과 이달 17일, 러시아는 우크라이나가 각각 크림반도 세바스토폴항과 크림대교(케르치해협 대교)에 해상 드론 공격을 감행했다는 성명을 발표했다.",세계
53,"伊 국방장관 ""中일대일로 참여 결정은 형편없는 행동""",2023.07.31. 오전 2:15,조용성 기자,"이탈리아가 중국의 일대일로 사업 탈퇴를 검토하는 가운데 내각에서도 일대일로에 대한 부정적인 평가가 나왔습니다.귀도 크로세토 이탈리아 국방장관은 일간지 '코리에레 델라 세라'와 인터뷰에서 ""일대일로에 참여하기로 한 결정은 즉흥적이고 형편없는 행동이었다""고 지적했습니다.또 ""문제는 중국과의 관계를 훼손하지 않고 어떻게 일대일로 사업에서 탈퇴하느냐""라며 ""중국이 경쟁자라는 것은 사실이지만 파트너이기도 하기 때문""이라고 덧붙였습니다.시진핑 중국 국가주석 집권 초반인 지난 2013년 8월 발표한 일대일로는 중국과 중앙아시아, 유럽을 육상과 해상으로 연결해 거대 경제권을 만든다는 구상입니다.이탈리아는 지난 2019년 주세페 콘테 총리 시절, 주요 7개국 가운데 유일하게 일대일로 참여를 공식화했지만, 최근 미국과 중국 간 경제·안보 패권 경쟁이 심화하면서 양자택일 갈림길에 서 있습니다.※ '당신의 제보가 뉴스가 됩니다'[카카오톡] YTN 검색해 채널 추가[전화] 02-398-8585[메일] social@ytn.co.kr",세계
